location_id,location,year,months_present,months_with_bond_counts,reported_bonds_in_available_months,full_year_lodged_bonds
1,Far North District,1993,11,11,435,
1,Far North District,1994,12,12,510,510.0
1,Far North District,1995,12,12,636,636.0
1,Far North District,1996,12,12,759,759.0
1,Far North District,1997,12,12,963,963.0
1,Far North District,1998,12,12,1041,1041.0
1,Far North District,1999,12,12,1158,1158.0
1,Far North District,2000,12,12,1269,1269.0
1,Far North District,2001,12,12,1218,1218.0
1,Far North District,2002,12,12,1347,1347.0
1,Far North District,2003,12,12,1419,1419.0
1,Far North District,2004,12,12,1443,1443.0
1,Far North District,2005,12,12,1446,1446.0
1,Far North District,2006,12,12,1383,1383.0
1,Far North District,2007,12,12,1410,1410.0
1,Far North District,2008,12,12,1566,1566.0
1,Far North District,2009,12,12,1683,1683.0
1,Far North District,2010,12,12,1677,1677.0
1,Far North District,2011,12,12,1743,1743.0
1,Far North District,2012,12,12,1737,1737.0
1,Far North District,2013,12,12,1686,1686.0
1,Far North District,2014,12,12,1620,1620.0
1,Far North District,2015,12,12,1560,1560.0
1,Far North District,2016,12,12,1452,1452.0
1,Far North District,2017,12,12,1272,1272.0
1,Far North District,2018,12,12,1143,1143.0
1,Far North District,2019,12,12,1083,1083.0
1,Far North District,2020,12,12,864,864.0
1,Far North District,2021,12,12,861,861.0
1,Far North District,2022,12,12,879,879.0
1,Far North District,2023,12,12,843,843.0
1,Far North District,2024,12,12,963,963.0
1,Far North District,2025,12,12,1161,1161.0
1,Far North District,2026,7,7,630,
2,Whangarei District,1993,11,11,1257,
2,Whangarei District,1994,12,12,1572,1572.0
2,Whangarei District,1995,12,12,1611,1611.0
2,Whangarei District,1996,12,12,1782,1782.0
2,Whangarei District,1997,12,12,2073,2073.0
2,Whangarei District,1998,12,12,2256,2256.0
2,Whangarei District,1999,12,12,2550,2550.0
2,Whangarei District,2000,12,12,2658,2658.0
2,Whangarei District,2001,12,12,2637,2637.0
2,Whangarei District,2002,12,12,2688,2688.0
2,Whangarei District,2003,12,12,2706,2706.0
2,Whangarei District,2004,12,12,2709,2709.0
2,Whangarei District,2005,12,12,2706,2706.0
2,Whangarei District,2006,12,12,2640,2640.0
2,Whangarei District,2007,12,12,2808,2808.0
2,Whangarei District,2008,12,12,3147,3147.0
2,Whangarei District,2009,12,12,3165,3165.0
2,Whangarei District,2010,12,12,3048,3048.0
2,Whangarei District,2011,12,12,3162,3162.0
2,Whangarei District,2012,12,12,3183,3183.0
2,Whangarei District,2013,12,12,2997,2997.0
2,Whangarei District,2014,12,12,2880,2880.0
2,Whangarei District,2015,12,12,2784,2784.0
2,Whangarei District,2016,12,12,2694,2694.0
2,Whangarei District,2017,12,12,2430,2430.0
2,Whangarei District,2018,12,12,2286,2286.0
2,Whangarei District,2019,12,12,2235,2235.0
2,Whangarei District,2020,12,12,2019,2019.0
2,Whangarei District,2021,12,12,1908,1908.0
2,Whangarei District,2022,12,12,1827,1827.0
2,Whangarei District,2023,12,12,1965,1965.0
2,Whangarei District,2024,12,12,1926,1926.0
2,Whangarei District,2025,12,12,2484,2484.0
2,Whangarei District,2026,7,7,1320,
3,Kaipara District,1993,10,10,114,
3,Kaipara District,1994,12,12,141,141.0
3,Kaipara District,1995,12,12,180,180.0
3,Kaipara District,1996,12,12,192,192.0
3,Kaipara District,1997,12,12,168,168.0
3,Kaipara District,1998,12,12,192,192.0
3,Kaipara District,1999,12,12,231,231.0
3,Kaipara District,2000,12,12,210,210.0
3,Kaipara District,2001,12,12,270,270.0
3,Kaipara District,2002,12,12,258,258.0
3,Kaipara District,2003,12,12,342,342.0
3,Kaipara District,2004,12,12,351,351.0
3,Kaipara District,2005,12,12,357,357.0
3,Kaipara District,2006,12,12,396,396.0
3,Kaipara District,2007,12,12,438,438.0
3,Kaipara District,2008,12,12,441,441.0
3,Kaipara District,2009,12,12,444,444.0
3,Kaipara District,2010,12,12,399,399.0
3,Kaipara District,2011,12,12,462,462.0
3,Kaipara District,2012,12,12,450,450.0
3,Kaipara District,2013,12,12,438,438.0
3,Kaipara District,2014,12,12,417,417.0
3,Kaipara District,2015,12,12,468,468.0
3,Kaipara District,2016,12,12,483,483.0
3,Kaipara District,2017,12,12,423,423.0
3,Kaipara District,2018,12,12,441,441.0
3,Kaipara District,2019,12,12,423,423.0
3,Kaipara District,2020,12,12,435,435.0
3,Kaipara District,2021,12,12,351,351.0
3,Kaipara District,2022,12,12,333,333.0
3,Kaipara District,2023,12,12,318,318.0
3,Kaipara District,2024,12,12,384,384.0
3,Kaipara District,2025,12,12,597,597.0
3,Kaipara District,2026,7,7,318,
11,Thames-Coromandel District,1993,11,11,354,
11,Thames-Coromandel District,1994,12,12,468,468.0
11,Thames-Coromandel District,1995,12,12,588,588.0
11,Thames-Coromandel District,1996,12,12,657,657.0
11,Thames-Coromandel District,1997,12,12,744,744.0
11,Thames-Coromandel District,1998,12,12,786,786.0
11,Thames-Coromandel District,1999,12,12,825,825.0
11,Thames-Coromandel District,2000,12,12,834,834.0
11,Thames-Coromandel District,2001,12,12,870,870.0
11,Thames-Coromandel District,2002,12,12,843,843.0
11,Thames-Coromandel District,2003,12,12,933,933.0
11,Thames-Coromandel District,2004,12,12,924,924.0
11,Thames-Coromandel District,2005,12,12,942,942.0
11,Thames-Coromandel District,2006,12,12,957,957.0
11,Thames-Coromandel District,2007,12,12,981,981.0
11,Thames-Coromandel District,2008,12,12,1086,1086.0
11,Thames-Coromandel District,2009,12,12,1083,1083.0
11,Thames-Coromandel District,2010,12,12,1035,1035.0
11,Thames-Coromandel District,2011,12,12,951,951.0
11,Thames-Coromandel District,2012,12,12,939,939.0
11,Thames-Coromandel District,2013,12,12,936,936.0
11,Thames-Coromandel District,2014,12,12,873,873.0
11,Thames-Coromandel District,2015,12,12,765,765.0
11,Thames-Coromandel District,2016,12,12,696,696.0
11,Thames-Coromandel District,2017,12,12,609,609.0
11,Thames-Coromandel District,2018,12,12,627,627.0
11,Thames-Coromandel District,2019,12,12,552,552.0
11,Thames-Coromandel District,2020,12,12,510,510.0
11,Thames-Coromandel District,2021,12,12,411,411.0
11,Thames-Coromandel District,2022,12,12,369,369.0
11,Thames-Coromandel District,2023,12,12,417,417.0
11,Thames-Coromandel District,2024,12,12,426,426.0
11,Thames-Coromandel District,2025,12,12,492,492.0
11,Thames-Coromandel District,2026,7,7,291,
12,Hauraki District,1993,11,11,195,
12,Hauraki District,1994,12,12,336,336.0
12,Hauraki District,1995,12,12,312,312.0
12,Hauraki District,1996,12,12,312,312.0
12,Hauraki District,1997,12,12,321,321.0
12,Hauraki District,1998,12,12,321,321.0
12,Hauraki District,1999,12,12,363,363.0
12,Hauraki District,2000,12,12,387,387.0
12,Hauraki District,2001,12,12,447,447.0
12,Hauraki District,2002,12,12,429,429.0
12,Hauraki District,2003,12,12,444,444.0
12,Hauraki District,2004,12,12,405,405.0
12,Hauraki District,2005,12,12,363,363.0
12,Hauraki District,2006,12,12,414,414.0
12,Hauraki District,2007,12,12,414,414.0
12,Hauraki District,2008,12,12,471,471.0
12,Hauraki District,2009,12,12,507,507.0
12,Hauraki District,2010,12,12,540,540.0
12,Hauraki District,2011,12,12,552,552.0
12,Hauraki District,2012,12,12,534,534.0
12,Hauraki District,2013,12,12,501,501.0
12,Hauraki District,2014,12,12,423,423.0
12,Hauraki District,2015,12,12,417,417.0
12,Hauraki District,2016,12,12,405,405.0
12,Hauraki District,2017,12,12,369,369.0
12,Hauraki District,2018,12,12,315,315.0
12,Hauraki District,2019,12,12,300,300.0
12,Hauraki District,2020,12,12,276,276.0
12,Hauraki District,2021,12,12,279,279.0
12,Hauraki District,2022,12,12,255,255.0
12,Hauraki District,2023,12,12,264,264.0
12,Hauraki District,2024,12,12,288,288.0
12,Hauraki District,2025,12,12,351,351.0
12,Hauraki District,2026,7,7,213,
13,Waikato District,1993,11,11,501,
13,Waikato District,1994,12,12,642,642.0
13,Waikato District,1995,12,12,609,609.0
13,Waikato District,1996,12,12,690,690.0
13,Waikato District,1997,12,12,807,807.0
13,Waikato District,1998,12,12,900,900.0
13,Waikato District,1999,12,12,1122,1122.0
13,Waikato District,2000,12,12,1041,1041.0
13,Waikato District,2001,12,12,1122,1122.0
13,Waikato District,2002,12,12,1143,1143.0
13,Waikato District,2003,12,12,1248,1248.0
13,Waikato District,2004,12,12,1245,1245.0
13,Waikato District,2005,12,12,1272,1272.0
13,Waikato District,2006,12,12,1176,1176.0
13,Waikato District,2007,12,12,1224,1224.0
13,Waikato District,2008,12,12,1368,1368.0
13,Waikato District,2009,12,12,1527,1527.0
13,Waikato District,2010,12,12,1482,1482.0
13,Waikato District,2011,12,12,1536,1536.0
13,Waikato District,2012,12,12,1536,1536.0
13,Waikato District,2013,12,12,1581,1581.0
13,Waikato District,2014,12,12,1488,1488.0
13,Waikato District,2015,12,12,1572,1572.0
13,Waikato District,2016,12,12,1449,1449.0
13,Waikato District,2017,12,12,1251,1251.0
13,Waikato District,2018,12,12,1248,1248.0
13,Waikato District,2019,12,12,1152,1152.0
13,Waikato District,2020,12,12,1116,1116.0
13,Waikato District,2021,12,12,1050,1050.0
13,Waikato District,2022,12,12,888,888.0
13,Waikato District,2023,12,12,945,945.0
13,Waikato District,2024,12,12,1044,1044.0
13,Waikato District,2025,12,12,1548,1548.0
13,Waikato District,2026,7,7,807,
15,Matamata-Piako District,1993,11,11,369,
15,Matamata-Piako District,1994,12,12,501,501.0
15,Matamata-Piako District,1995,12,12,480,480.0
15,Matamata-Piako District,1996,12,12,576,576.0
15,Matamata-Piako District,1997,12,12,612,612.0
15,Matamata-Piako District,1998,12,12,636,636.0
15,Matamata-Piako District,1999,12,12,741,741.0
15,Matamata-Piako District,2000,12,12,702,702.0
15,Matamata-Piako District,2001,12,12,723,723.0
15,Matamata-Piako District,2002,12,12,741,741.0
15,Matamata-Piako District,2003,12,12,741,741.0
15,Matamata-Piako District,2004,12,12,624,624.0
15,Matamata-Piako District,2005,12,12,639,639.0
15,Matamata-Piako District,2006,12,12,687,687.0
15,Matamata-Piako District,2007,12,12,729,729.0
15,Matamata-Piako District,2008,12,12,804,804.0
15,Matamata-Piako District,2009,12,12,843,843.0
15,Matamata-Piako District,2010,12,12,888,888.0
15,Matamata-Piako District,2011,12,12,906,906.0
15,Matamata-Piako District,2012,12,12,918,918.0
15,Matamata-Piako District,2013,12,12,903,903.0
15,Matamata-Piako District,2014,12,12,822,822.0
15,Matamata-Piako District,2015,12,12,813,813.0
15,Matamata-Piako District,2016,12,12,723,723.0
15,Matamata-Piako District,2017,12,12,651,651.0
15,Matamata-Piako District,2018,12,12,594,594.0
15,Matamata-Piako District,2019,12,12,630,630.0
15,Matamata-Piako District,2020,12,12,576,576.0
15,Matamata-Piako District,2021,12,12,558,558.0
15,Matamata-Piako District,2022,12,12,492,492.0
15,Matamata-Piako District,2023,12,12,567,567.0
15,Matamata-Piako District,2024,12,12,585,585.0
15,Matamata-Piako District,2025,12,12,717,717.0
15,Matamata-Piako District,2026,7,7,384,
16,Hamilton City,1993,11,11,4617,
16,Hamilton City,1994,12,12,5547,5547.0
16,Hamilton City,1995,12,12,5907,5907.0
16,Hamilton City,1996,12,12,6843,6843.0
16,Hamilton City,1997,12,12,7368,7368.0
16,Hamilton City,1998,12,12,7668,7668.0
16,Hamilton City,1999,12,12,8127,8127.0
16,Hamilton City,2000,12,12,8277,8277.0
16,Hamilton City,2001,12,12,8727,8727.0
16,Hamilton City,2002,12,12,8571,8571.0
16,Hamilton City,2003,12,12,8286,8286.0
16,Hamilton City,2004,12,12,8373,8373.0
16,Hamilton City,2005,12,12,8598,8598.0
16,Hamilton City,2006,12,12,8619,8619.0
16,Hamilton City,2007,12,12,9069,9069.0
16,Hamilton City,2008,12,12,9147,9147.0
16,Hamilton City,2009,12,12,9168,9168.0
16,Hamilton City,2010,12,12,8829,8829.0
16,Hamilton City,2011,12,12,9174,9174.0
16,Hamilton City,2012,12,12,9066,9066.0
16,Hamilton City,2013,12,12,8922,8922.0
16,Hamilton City,2014,12,12,8640,8640.0
16,Hamilton City,2015,12,12,9519,9519.0
16,Hamilton City,2016,12,12,9711,9711.0
16,Hamilton City,2017,12,12,9237,9237.0
16,Hamilton City,2018,12,12,8730,8730.0
16,Hamilton City,2019,12,12,8556,8556.0
16,Hamilton City,2020,12,12,8220,8220.0
16,Hamilton City,2021,12,12,8634,8634.0
16,Hamilton City,2022,12,12,8748,8748.0
16,Hamilton City,2023,12,12,7995,7995.0
16,Hamilton City,2024,12,12,7452,7452.0
16,Hamilton City,2025,12,12,8850,8850.0
16,Hamilton City,2026,7,7,4653,
17,Waipa District,1993,11,11,633,
17,Waipa District,1994,12,12,735,735.0
17,Waipa District,1995,12,12,840,840.0
17,Waipa District,1996,12,12,930,930.0
17,Waipa District,1997,12,12,975,975.0
17,Waipa District,1998,12,12,1035,1035.0
17,Waipa District,1999,12,12,1119,1119.0
17,Waipa District,2000,12,12,1143,1143.0
17,Waipa District,2001,12,12,1146,1146.0
17,Waipa District,2002,12,12,1263,1263.0
17,Waipa District,2003,12,12,1248,1248.0
17,Waipa District,2004,12,12,1152,1152.0
17,Waipa District,2005,12,12,1203,1203.0
17,Waipa District,2006,12,12,1170,1170.0
17,Waipa District,2007,12,12,1293,1293.0
17,Waipa District,2008,12,12,1413,1413.0
17,Waipa District,2009,12,12,1479,1479.0
17,Waipa District,2010,12,12,1407,1407.0
17,Waipa District,2011,12,12,1572,1572.0
17,Waipa District,2012,12,12,1428,1428.0
17,Waipa District,2013,12,12,1392,1392.0
17,Waipa District,2014,12,12,1263,1263.0
17,Waipa District,2015,12,12,1302,1302.0
17,Waipa District,2016,12,12,1278,1278.0
17,Waipa District,2017,12,12,1086,1086.0
17,Waipa District,2018,12,12,1200,1200.0
17,Waipa District,2019,12,12,1161,1161.0
17,Waipa District,2020,12,12,1098,1098.0
17,Waipa District,2021,12,12,1077,1077.0
17,Waipa District,2022,12,12,1029,1029.0
17,Waipa District,2023,12,12,1011,1011.0
17,Waipa District,2024,12,12,909,909.0
17,Waipa District,2025,12,12,1335,1335.0
17,Waipa District,2026,7,7,690,
18,Otorohanga District,1993,1,1,6,
18,Otorohanga District,1994,2,2,12,
18,Otorohanga District,1995,3,3,18,
18,Otorohanga District,1996,7,7,51,
18,Otorohanga District,1997,9,9,60,
18,Otorohanga District,1998,6,6,39,
18,Otorohanga District,1999,11,11,96,
18,Otorohanga District,2000,8,8,57,
18,Otorohanga District,2001,12,12,96,96.0
18,Otorohanga District,2002,9,9,63,
18,Otorohanga District,2003,9,9,81,
18,Otorohanga District,2004,11,11,81,
18,Otorohanga District,2005,11,11,108,
18,Otorohanga District,2006,12,12,114,114.0
18,Otorohanga District,2007,12,12,129,129.0
18,Otorohanga District,2008,12,12,138,138.0
18,Otorohanga District,2009,12,12,162,162.0
18,Otorohanga District,2010,12,12,171,171.0
18,Otorohanga District,2011,12,12,165,165.0
18,Otorohanga District,2012,12,12,168,168.0
18,Otorohanga District,2013,12,12,162,162.0
18,Otorohanga District,2014,12,12,174,174.0
18,Otorohanga District,2015,12,12,165,165.0
18,Otorohanga District,2016,12,12,156,156.0
18,Otorohanga District,2017,12,12,138,138.0
18,Otorohanga District,2018,12,12,147,147.0
18,Otorohanga District,2019,12,12,153,153.0
18,Otorohanga District,2020,11,11,135,
18,Otorohanga District,2021,12,12,120,120.0
18,Otorohanga District,2022,12,12,132,132.0
18,Otorohanga District,2023,12,12,114,114.0
18,Otorohanga District,2024,12,12,129,129.0
18,Otorohanga District,2025,12,12,192,192.0
18,Otorohanga District,2026,7,7,93,
19,South Waikato District,1993,11,11,483,
19,South Waikato District,1994,12,12,630,630.0
19,South Waikato District,1995,12,12,705,705.0
19,South Waikato District,1996,12,12,852,852.0
19,South Waikato District,1997,12,12,918,918.0
19,South Waikato District,1998,12,12,957,957.0
19,South Waikato District,1999,12,12,873,873.0
19,South Waikato District,2000,12,12,882,882.0
19,South Waikato District,2001,12,12,879,879.0
19,South Waikato District,2002,12,12,909,909.0
19,South Waikato District,2003,12,12,948,948.0
19,South Waikato District,2004,12,12,984,984.0
19,South Waikato District,2005,12,12,939,939.0
19,South Waikato District,2006,12,12,867,867.0
19,South Waikato District,2007,12,12,837,837.0
19,South Waikato District,2008,12,12,855,855.0
19,South Waikato District,2009,12,12,864,864.0
19,South Waikato District,2010,12,12,888,888.0
19,South Waikato District,2011,12,12,843,843.0
19,South Waikato District,2012,12,12,846,846.0
19,South Waikato District,2013,12,12,780,780.0
19,South Waikato District,2014,12,12,798,798.0
19,South Waikato District,2015,12,12,765,765.0
19,South Waikato District,2016,12,12,636,636.0
19,South Waikato District,2017,12,12,504,504.0
19,South Waikato District,2018,12,12,579,579.0
19,South Waikato District,2019,12,12,648,648.0
19,South Waikato District,2020,12,12,594,594.0
19,South Waikato District,2021,12,12,585,585.0
19,South Waikato District,2022,12,12,537,537.0
19,South Waikato District,2023,12,12,600,600.0
19,South Waikato District,2024,12,12,585,585.0
19,South Waikato District,2025,12,12,804,804.0
19,South Waikato District,2026,7,7,396,
20,Waitomo District,1993,10,10,72,
20,Waitomo District,1994,10,10,84,
20,Waitomo District,1995,11,11,102,
20,Waitomo District,1996,12,12,126,126.0
20,Waitomo District,1997,12,12,123,123.0
20,Waitomo District,1998,12,12,108,108.0
20,Waitomo District,1999,12,12,144,144.0
20,Waitomo District,2000,12,12,138,138.0
20,Waitomo District,2001,12,12,150,150.0
20,Waitomo District,2002,11,11,135,
20,Waitomo District,2003,12,12,189,189.0
20,Waitomo District,2004,12,12,192,192.0
20,Waitomo District,2005,12,12,204,204.0
20,Waitomo District,2006,12,12,192,192.0
20,Waitomo District,2007,12,12,198,198.0
20,Waitomo District,2008,12,12,192,192.0
20,Waitomo District,2009,12,12,216,216.0
20,Waitomo District,2010,12,12,195,195.0
20,Waitomo District,2011,11,11,186,
20,Waitomo District,2012,12,12,150,150.0
20,Waitomo District,2013,12,12,183,183.0
20,Waitomo District,2014,12,12,180,180.0
20,Waitomo District,2015,12,12,213,213.0
20,Waitomo District,2016,12,12,195,195.0
20,Waitomo District,2017,12,12,147,147.0
20,Waitomo District,2018,12,12,105,105.0
20,Waitomo District,2019,11,11,102,
20,Waitomo District,2020,10,10,117,
20,Waitomo District,2021,11,11,99,
20,Waitomo District,2022,10,10,81,
20,Waitomo District,2023,11,11,96,
20,Waitomo District,2024,12,12,102,102.0
20,Waitomo District,2025,12,12,147,147.0
20,Waitomo District,2026,7,7,75,
21,Taupo District,1993,11,11,894,
21,Taupo District,1994,12,12,1104,1104.0
21,Taupo District,1995,12,12,1191,1191.0
21,Taupo District,1996,12,12,1389,1389.0
21,Taupo District,1997,12,12,1482,1482.0
21,Taupo District,1998,12,12,1446,1446.0
21,Taupo District,1999,12,12,1497,1497.0
21,Taupo District,2000,12,12,1584,1584.0
21,Taupo District,2001,12,12,1560,1560.0
21,Taupo District,2002,12,12,1494,1494.0
21,Taupo District,2003,12,12,1548,1548.0
21,Taupo District,2004,12,12,1518,1518.0
21,Taupo District,2005,12,12,1446,1446.0
21,Taupo District,2006,12,12,1545,1545.0
21,Taupo District,2007,12,12,1551,1551.0
21,Taupo District,2008,12,12,1599,1599.0
21,Taupo District,2009,12,12,1680,1680.0
21,Taupo District,2010,12,12,1677,1677.0
21,Taupo District,2011,12,12,1638,1638.0
21,Taupo District,2012,12,12,1668,1668.0
21,Taupo District,2013,12,12,1686,1686.0
21,Taupo District,2014,12,12,1548,1548.0
21,Taupo District,2015,12,12,1515,1515.0
21,Taupo District,2016,12,12,1416,1416.0
21,Taupo District,2017,12,12,1182,1182.0
21,Taupo District,2018,12,12,1146,1146.0
21,Taupo District,2019,12,12,1164,1164.0
21,Taupo District,2020,12,12,1089,1089.0
21,Taupo District,2021,12,12,930,930.0
21,Taupo District,2022,12,12,792,792.0
21,Taupo District,2023,12,12,822,822.0
21,Taupo District,2024,12,12,897,897.0
21,Taupo District,2025,12,12,1086,1086.0
21,Taupo District,2026,7,7,651,
22,Western Bay of Plenty District,1993,11,11,315,
22,Western Bay of Plenty District,1994,12,12,381,381.0
22,Western Bay of Plenty District,1995,12,12,441,441.0
22,Western Bay of Plenty District,1996,12,12,513,513.0
22,Western Bay of Plenty District,1997,12,12,588,588.0
22,Western Bay of Plenty District,1998,12,12,675,675.0
22,Western Bay of Plenty District,1999,12,12,735,735.0
22,Western Bay of Plenty District,2000,12,12,771,771.0
22,Western Bay of Plenty District,2001,12,12,882,882.0
22,Western Bay of Plenty District,2002,12,12,882,882.0
22,Western Bay of Plenty District,2003,12,12,1053,1053.0
22,Western Bay of Plenty District,2004,12,12,951,951.0
22,Western Bay of Plenty District,2005,12,12,987,987.0
22,Western Bay of Plenty District,2006,12,12,1032,1032.0
22,Western Bay of Plenty District,2007,12,12,990,990.0
22,Western Bay of Plenty District,2008,12,12,1116,1116.0
22,Western Bay of Plenty District,2009,12,12,1152,1152.0
22,Western Bay of Plenty District,2010,12,12,1086,1086.0
22,Western Bay of Plenty District,2011,12,12,1035,1035.0
22,Western Bay of Plenty District,2012,12,12,1215,1215.0
22,Western Bay of Plenty District,2013,12,12,1245,1245.0
22,Western Bay of Plenty District,2014,12,12,1056,1056.0
22,Western Bay of Plenty District,2015,12,12,996,996.0
22,Western Bay of Plenty District,2016,12,12,825,825.0
22,Western Bay of Plenty District,2017,12,12,777,777.0
22,Western Bay of Plenty District,2018,12,12,798,798.0
22,Western Bay of Plenty District,2019,12,12,747,747.0
22,Western Bay of Plenty District,2020,12,12,732,732.0
22,Western Bay of Plenty District,2021,12,12,606,606.0
22,Western Bay of Plenty District,2022,12,12,600,600.0
22,Western Bay of Plenty District,2023,12,12,600,600.0
22,Western Bay of Plenty District,2024,12,12,624,624.0
22,Western Bay of Plenty District,2025,12,12,1056,1056.0
22,Western Bay of Plenty District,2026,7,7,537,
23,Tauranga City,1993,11,11,2205,
23,Tauranga City,1994,12,12,2877,2877.0
23,Tauranga City,1995,12,12,3114,3114.0
23,Tauranga City,1996,12,12,3834,3834.0
23,Tauranga City,1997,12,12,4461,4461.0
23,Tauranga City,1998,12,12,4800,4800.0
23,Tauranga City,1999,12,12,4986,4986.0
23,Tauranga City,2000,12,12,5055,5055.0
23,Tauranga City,2001,12,12,5052,5052.0
23,Tauranga City,2002,12,12,4875,4875.0
23,Tauranga City,2003,12,12,5541,5541.0
23,Tauranga City,2004,12,12,5532,5532.0
23,Tauranga City,2005,12,12,5481,5481.0
23,Tauranga City,2006,12,12,5394,5394.0
23,Tauranga City,2007,12,12,5583,5583.0
23,Tauranga City,2008,12,12,5907,5907.0
23,Tauranga City,2009,12,12,6018,6018.0
23,Tauranga City,2010,12,12,5721,5721.0
23,Tauranga City,2011,12,12,5655,5655.0
23,Tauranga City,2012,12,12,5802,5802.0
23,Tauranga City,2013,12,12,5646,5646.0
23,Tauranga City,2014,12,12,4860,4860.0
23,Tauranga City,2015,12,12,5088,5088.0
23,Tauranga City,2016,12,12,5343,5343.0
23,Tauranga City,2017,12,12,4914,4914.0
23,Tauranga City,2018,12,12,4974,4974.0
23,Tauranga City,2019,12,12,4686,4686.0
23,Tauranga City,2020,12,12,4446,4446.0
23,Tauranga City,2021,12,12,3993,3993.0
23,Tauranga City,2022,12,12,3900,3900.0
23,Tauranga City,2023,12,12,3750,3750.0
23,Tauranga City,2024,12,12,3963,3963.0
23,Tauranga City,2025,12,12,4581,4581.0
23,Tauranga City,2026,7,7,2337,
24,Rotorua District,1993,11,11,1902,
24,Rotorua District,1994,12,12,2367,2367.0
24,Rotorua District,1995,12,12,2463,2463.0
24,Rotorua District,1996,12,12,2802,2802.0
24,Rotorua District,1997,12,12,3036,3036.0
24,Rotorua District,1998,12,12,3180,3180.0
24,Rotorua District,1999,12,12,3183,3183.0
24,Rotorua District,2000,12,12,3264,3264.0
24,Rotorua District,2001,12,12,3444,3444.0
24,Rotorua District,2002,12,12,3447,3447.0
24,Rotorua District,2003,12,12,3399,3399.0
24,Rotorua District,2004,12,12,3336,3336.0
24,Rotorua District,2005,12,12,3510,3510.0
24,Rotorua District,2006,12,12,3303,3303.0
24,Rotorua District,2007,12,12,3246,3246.0
24,Rotorua District,2008,12,12,3420,3420.0
24,Rotorua District,2009,12,12,3498,3498.0
24,Rotorua District,2010,12,12,3285,3285.0
24,Rotorua District,2011,12,12,3312,3312.0
24,Rotorua District,2012,12,12,3330,3330.0
24,Rotorua District,2013,12,12,3264,3264.0
24,Rotorua District,2014,12,12,3267,3267.0
24,Rotorua District,2015,12,12,3093,3093.0
24,Rotorua District,2016,12,12,2889,2889.0
24,Rotorua District,2017,12,12,2370,2370.0
24,Rotorua District,2018,12,12,2163,2163.0
24,Rotorua District,2019,12,12,2052,2052.0
24,Rotorua District,2020,12,12,2100,2100.0
24,Rotorua District,2021,12,12,1926,1926.0
24,Rotorua District,2022,12,12,1815,1815.0
24,Rotorua District,2023,12,12,1704,1704.0
24,Rotorua District,2024,12,12,1803,1803.0
24,Rotorua District,2025,12,12,2100,2100.0
24,Rotorua District,2026,7,7,1206,
25,Whakatane District,1993,11,11,600,
25,Whakatane District,1994,12,12,636,636.0
25,Whakatane District,1995,12,12,708,708.0
25,Whakatane District,1996,12,12,819,819.0
25,Whakatane District,1997,12,12,795,795.0
25,Whakatane District,1998,12,12,894,894.0
25,Whakatane District,1999,12,12,936,936.0
25,Whakatane District,2000,12,12,969,969.0
25,Whakatane District,2001,12,12,1026,1026.0
25,Whakatane District,2002,12,12,1134,1134.0
25,Whakatane District,2003,12,12,1050,1050.0
25,Whakatane District,2004,12,12,1077,1077.0
25,Whakatane District,2005,12,12,1104,1104.0
25,Whakatane District,2006,12,12,978,978.0
25,Whakatane District,2007,12,12,969,969.0
25,Whakatane District,2008,12,12,1059,1059.0
25,Whakatane District,2009,12,12,1080,1080.0
25,Whakatane District,2010,12,12,1092,1092.0
25,Whakatane District,2011,12,12,1122,1122.0
25,Whakatane District,2012,12,12,1173,1173.0
25,Whakatane District,2013,12,12,1131,1131.0
25,Whakatane District,2014,12,12,1125,1125.0
25,Whakatane District,2015,12,12,1023,1023.0
25,Whakatane District,2016,12,12,939,939.0
25,Whakatane District,2017,12,12,804,804.0
25,Whakatane District,2018,12,12,741,741.0
25,Whakatane District,2019,12,12,618,618.0
25,Whakatane District,2020,12,12,555,555.0
25,Whakatane District,2021,12,12,471,471.0
25,Whakatane District,2022,12,12,420,420.0
25,Whakatane District,2023,12,12,459,459.0
25,Whakatane District,2024,12,12,522,522.0
25,Whakatane District,2025,12,12,639,639.0
25,Whakatane District,2026,7,7,348,
26,Kawerau District,1993,11,11,183,
26,Kawerau District,1994,12,12,195,195.0
26,Kawerau District,1995,12,12,297,297.0
26,Kawerau District,1996,12,12,285,285.0
26,Kawerau District,1997,12,12,282,282.0
26,Kawerau District,1998,12,12,318,318.0
26,Kawerau District,1999,12,12,294,294.0
26,Kawerau District,2000,12,12,243,243.0
26,Kawerau District,2001,12,12,264,264.0
26,Kawerau District,2002,12,12,207,207.0
26,Kawerau District,2003,12,12,225,225.0
26,Kawerau District,2004,12,12,255,255.0
26,Kawerau District,2005,12,12,252,252.0
26,Kawerau District,2006,12,12,246,246.0
26,Kawerau District,2007,12,12,255,255.0
26,Kawerau District,2008,12,12,255,255.0
26,Kawerau District,2009,12,12,279,279.0
26,Kawerau District,2010,12,12,294,294.0
26,Kawerau District,2011,12,12,270,270.0
26,Kawerau District,2012,12,12,240,240.0
26,Kawerau District,2013,12,12,261,261.0
26,Kawerau District,2014,12,12,252,252.0
26,Kawerau District,2015,12,12,228,228.0
26,Kawerau District,2016,12,12,171,171.0
26,Kawerau District,2017,12,12,180,180.0
26,Kawerau District,2018,12,12,147,147.0
26,Kawerau District,2019,12,12,168,168.0
26,Kawerau District,2020,11,11,114,
26,Kawerau District,2021,11,11,117,
26,Kawerau District,2022,11,11,105,
26,Kawerau District,2023,11,11,126,
26,Kawerau District,2024,12,12,135,135.0
26,Kawerau District,2025,12,12,174,174.0
26,Kawerau District,2026,7,7,99,
27,Opotiki District,1993,5,5,33,
27,Opotiki District,1994,6,6,36,
27,Opotiki District,1995,9,9,69,
27,Opotiki District,1996,8,8,66,
27,Opotiki District,1997,11,11,90,
27,Opotiki District,1998,12,12,108,108.0
27,Opotiki District,1999,12,12,147,147.0
27,Opotiki District,2000,12,12,153,153.0
27,Opotiki District,2001,12,12,156,156.0
27,Opotiki District,2002,11,11,156,
27,Opotiki District,2003,12,12,159,159.0
27,Opotiki District,2004,12,12,186,186.0
27,Opotiki District,2005,12,12,201,201.0
27,Opotiki District,2006,12,12,198,198.0
27,Opotiki District,2007,12,12,204,204.0
27,Opotiki District,2008,12,12,186,186.0
27,Opotiki District,2009,12,12,210,210.0
27,Opotiki District,2010,12,12,180,180.0
27,Opotiki District,2011,12,12,195,195.0
27,Opotiki District,2012,12,12,261,261.0
27,Opotiki District,2013,12,12,252,252.0
27,Opotiki District,2014,12,12,207,207.0
27,Opotiki District,2015,12,12,228,228.0
27,Opotiki District,2016,12,12,189,189.0
27,Opotiki District,2017,12,12,168,168.0
27,Opotiki District,2018,12,12,150,150.0
27,Opotiki District,2019,11,11,117,
27,Opotiki District,2020,12,12,117,117.0
27,Opotiki District,2021,11,11,87,
27,Opotiki District,2022,11,11,90,
27,Opotiki District,2023,11,11,99,
27,Opotiki District,2024,11,11,99,
27,Opotiki District,2025,12,12,165,165.0
27,Opotiki District,2026,7,7,78,
28,Gisborne District,1993,11,11,780,
28,Gisborne District,1994,12,12,879,879.0
28,Gisborne District,1995,12,12,993,993.0
28,Gisborne District,1996,12,12,1053,1053.0
28,Gisborne District,1997,12,12,1293,1293.0
28,Gisborne District,1998,12,12,1320,1320.0
28,Gisborne District,1999,12,12,1341,1341.0
28,Gisborne District,2000,12,12,1287,1287.0
28,Gisborne District,2001,12,12,1377,1377.0
28,Gisborne District,2002,12,12,1344,1344.0
28,Gisborne District,2003,12,12,1332,1332.0
28,Gisborne District,2004,12,12,1263,1263.0
28,Gisborne District,2005,12,12,1347,1347.0
28,Gisborne District,2006,12,12,1185,1185.0
28,Gisborne District,2007,12,12,1206,1206.0
28,Gisborne District,2008,12,12,1398,1398.0
28,Gisborne District,2009,12,12,1392,1392.0
28,Gisborne District,2010,12,12,1350,1350.0
28,Gisborne District,2011,12,12,1365,1365.0
28,Gisborne District,2012,12,12,1401,1401.0
28,Gisborne District,2013,12,12,1422,1422.0
28,Gisborne District,2014,12,12,1491,1491.0
28,Gisborne District,2015,12,12,1389,1389.0
28,Gisborne District,2016,12,12,1233,1233.0
28,Gisborne District,2017,12,12,1089,1089.0
28,Gisborne District,2018,12,12,1005,1005.0
28,Gisborne District,2019,12,12,876,876.0
28,Gisborne District,2020,12,12,786,786.0
28,Gisborne District,2021,12,12,795,795.0
28,Gisborne District,2022,12,12,741,741.0
28,Gisborne District,2023,12,12,744,744.0
28,Gisborne District,2024,12,12,864,864.0
28,Gisborne District,2025,12,12,1131,1131.0
28,Gisborne District,2026,7,7,597,
29,Wairoa District,1993,9,9,66,
29,Wairoa District,1994,8,8,66,
29,Wairoa District,1995,12,12,108,108.0
29,Wairoa District,1996,12,12,147,147.0
29,Wairoa District,1997,11,11,132,
29,Wairoa District,1998,12,12,120,120.0
29,Wairoa District,1999,12,12,114,114.0
29,Wairoa District,2000,12,12,144,144.0
29,Wairoa District,2001,12,12,138,138.0
29,Wairoa District,2002,12,12,126,126.0
29,Wairoa District,2003,12,12,159,159.0
29,Wairoa District,2004,12,12,162,162.0
29,Wairoa District,2005,12,12,177,177.0
29,Wairoa District,2006,12,12,162,162.0
29,Wairoa District,2007,12,12,186,186.0
29,Wairoa District,2008,12,12,195,195.0
29,Wairoa District,2009,12,12,186,186.0
29,Wairoa District,2010,12,12,177,177.0
29,Wairoa District,2011,12,12,180,180.0
29,Wairoa District,2012,12,12,189,189.0
29,Wairoa District,2013,12,12,186,186.0
29,Wairoa District,2014,12,12,165,165.0
29,Wairoa District,2015,12,12,174,174.0
29,Wairoa District,2016,12,12,141,141.0
29,Wairoa District,2017,12,12,123,123.0
29,Wairoa District,2018,12,12,108,108.0
29,Wairoa District,2019,12,12,135,135.0
29,Wairoa District,2020,12,12,123,123.0
29,Wairoa District,2021,10,10,78,
29,Wairoa District,2022,11,11,87,
29,Wairoa District,2023,8,8,72,
29,Wairoa District,2024,10,10,87,
29,Wairoa District,2025,12,12,132,132.0
29,Wairoa District,2026,7,7,87,
30,Hastings District,1993,11,11,1197,
30,Hastings District,1994,12,12,1542,1542.0
30,Hastings District,1995,12,12,1698,1698.0
30,Hastings District,1996,12,12,1983,1983.0
30,Hastings District,1997,12,12,1899,1899.0
30,Hastings District,1998,12,12,2088,2088.0
30,Hastings District,1999,12,12,2169,2169.0
30,Hastings District,2000,12,12,2157,2157.0
30,Hastings District,2001,12,12,2064,2064.0
30,Hastings District,2002,12,12,2067,2067.0
30,Hastings District,2003,12,12,2190,2190.0
30,Hastings District,2004,12,12,1923,1923.0
30,Hastings District,2005,12,12,2049,2049.0
30,Hastings District,2006,12,12,2142,2142.0
30,Hastings District,2007,12,12,2055,2055.0
30,Hastings District,2008,12,12,2271,2271.0
30,Hastings District,2009,12,12,2415,2415.0
30,Hastings District,2010,12,12,2373,2373.0
30,Hastings District,2011,12,12,2289,2289.0
30,Hastings District,2012,12,12,2247,2247.0
30,Hastings District,2013,12,12,2217,2217.0
30,Hastings District,2014,12,12,2106,2106.0
30,Hastings District,2015,12,12,2178,2178.0
30,Hastings District,2016,12,12,2004,2004.0
30,Hastings District,2017,12,12,1722,1722.0
30,Hastings District,2018,12,12,1632,1632.0
30,Hastings District,2019,12,12,1434,1434.0
30,Hastings District,2020,12,12,1371,1371.0
30,Hastings District,2021,12,12,1296,1296.0
30,Hastings District,2022,12,12,1173,1173.0
30,Hastings District,2023,12,12,1206,1206.0
30,Hastings District,2024,12,12,1305,1305.0
30,Hastings District,2025,12,12,1734,1734.0
30,Hastings District,2026,7,7,981,
31,Napier City,1993,11,11,1446,
31,Napier City,1994,12,12,1626,1626.0
31,Napier City,1995,12,12,1953,1953.0
31,Napier City,1996,12,12,2103,2103.0
31,Napier City,1997,12,12,2115,2115.0
31,Napier City,1998,12,12,2100,2100.0
31,Napier City,1999,12,12,2235,2235.0
31,Napier City,2000,12,12,2274,2274.0
31,Napier City,2001,12,12,2160,2160.0
31,Napier City,2002,12,12,2052,2052.0
31,Napier City,2003,12,12,2217,2217.0
31,Napier City,2004,12,12,2127,2127.0
31,Napier City,2005,12,12,2160,2160.0
31,Napier City,2006,12,12,2247,2247.0
31,Napier City,2007,12,12,2259,2259.0
31,Napier City,2008,12,12,2370,2370.0
31,Napier City,2009,12,12,2562,2562.0
31,Napier City,2010,12,12,2406,2406.0
31,Napier City,2011,12,12,2454,2454.0
31,Napier City,2012,12,12,2358,2358.0
31,Napier City,2013,12,12,2226,2226.0
31,Napier City,2014,12,12,2175,2175.0
31,Napier City,2015,12,12,2127,2127.0
31,Napier City,2016,12,12,1854,1854.0
31,Napier City,2017,12,12,1590,1590.0
31,Napier City,2018,12,12,1500,1500.0
31,Napier City,2019,12,12,1434,1434.0
31,Napier City,2020,12,12,1356,1356.0
31,Napier City,2021,12,12,1302,1302.0
31,Napier City,2022,12,12,1269,1269.0
31,Napier City,2023,12,12,1263,1263.0
31,Napier City,2024,12,12,1272,1272.0
31,Napier City,2025,12,12,1539,1539.0
31,Napier City,2026,7,7,858,
32,Central Hawke's Bay District,1993,11,11,114,
32,Central Hawke's Bay District,1994,12,12,171,171.0
32,Central Hawke's Bay District,1995,12,12,186,186.0
32,Central Hawke's Bay District,1996,12,12,273,273.0
32,Central Hawke's Bay District,1997,12,12,366,366.0
32,Central Hawke's Bay District,1998,12,12,372,372.0
32,Central Hawke's Bay District,1999,12,12,387,387.0
32,Central Hawke's Bay District,2000,12,12,411,411.0
32,Central Hawke's Bay District,2001,12,12,378,378.0
32,Central Hawke's Bay District,2002,12,12,408,408.0
32,Central Hawke's Bay District,2003,12,12,414,414.0
32,Central Hawke's Bay District,2004,12,12,336,336.0
32,Central Hawke's Bay District,2005,12,12,357,357.0
32,Central Hawke's Bay District,2006,12,12,321,321.0
32,Central Hawke's Bay District,2007,12,12,333,333.0
32,Central Hawke's Bay District,2008,12,12,333,333.0
32,Central Hawke's Bay District,2009,12,12,357,357.0
32,Central Hawke's Bay District,2010,12,12,315,315.0
32,Central Hawke's Bay District,2011,12,12,342,342.0
32,Central Hawke's Bay District,2012,12,12,339,339.0
32,Central Hawke's Bay District,2013,12,12,309,309.0
32,Central Hawke's Bay District,2014,12,12,255,255.0
32,Central Hawke's Bay District,2015,12,12,270,270.0
32,Central Hawke's Bay District,2016,12,12,264,264.0
32,Central Hawke's Bay District,2017,12,12,234,234.0
32,Central Hawke's Bay District,2018,12,12,198,198.0
32,Central Hawke's Bay District,2019,12,12,177,177.0
32,Central Hawke's Bay District,2020,11,11,171,
32,Central Hawke's Bay District,2021,11,11,141,
32,Central Hawke's Bay District,2022,11,11,114,
32,Central Hawke's Bay District,2023,12,12,159,159.0
32,Central Hawke's Bay District,2024,12,12,171,171.0
32,Central Hawke's Bay District,2025,12,12,273,273.0
32,Central Hawke's Bay District,2026,7,7,123,
33,New Plymouth District,1993,11,11,1839,
33,New Plymouth District,1994,12,12,2238,2238.0
33,New Plymouth District,1995,12,12,2307,2307.0
33,New Plymouth District,1996,12,12,2535,2535.0
33,New Plymouth District,1997,12,12,2667,2667.0
33,New Plymouth District,1998,12,12,2586,2586.0
33,New Plymouth District,1999,12,12,2577,2577.0
33,New Plymouth District,2000,12,12,2541,2541.0
33,New Plymouth District,2001,12,12,2691,2691.0
33,New Plymouth District,2002,12,12,2529,2529.0
33,New Plymouth District,2003,12,12,2670,2670.0
33,New Plymouth District,2004,12,12,2592,2592.0
33,New Plymouth District,2005,12,12,2601,2601.0
33,New Plymouth District,2006,12,12,2556,2556.0
33,New Plymouth District,2007,12,12,2739,2739.0
33,New Plymouth District,2008,12,12,2874,2874.0
33,New Plymouth District,2009,12,12,2874,2874.0
33,New Plymouth District,2010,12,12,2859,2859.0
33,New Plymouth District,2011,12,12,3087,3087.0
33,New Plymouth District,2012,12,12,2847,2847.0
33,New Plymouth District,2013,12,12,2625,2625.0
33,New Plymouth District,2014,12,12,2541,2541.0
33,New Plymouth District,2015,12,12,2604,2604.0
33,New Plymouth District,2016,12,12,2742,2742.0
33,New Plymouth District,2017,12,12,2490,2490.0
33,New Plymouth District,2018,12,12,2325,2325.0
33,New Plymouth District,2019,12,12,2145,2145.0
33,New Plymouth District,2020,12,12,1965,1965.0
33,New Plymouth District,2021,12,12,1728,1728.0
33,New Plymouth District,2022,12,12,1662,1662.0
33,New Plymouth District,2023,12,12,1659,1659.0
33,New Plymouth District,2024,12,12,1737,1737.0
33,New Plymouth District,2025,12,12,2190,2190.0
33,New Plymouth District,2026,7,7,1281,
34,Stratford District,1993,11,11,138,
34,Stratford District,1994,12,12,129,129.0
34,Stratford District,1995,12,12,153,153.0
34,Stratford District,1996,12,12,180,180.0
34,Stratford District,1997,12,12,240,240.0
34,Stratford District,1998,12,12,243,243.0
34,Stratford District,1999,12,12,222,222.0
34,Stratford District,2000,12,12,204,204.0
34,Stratford District,2001,12,12,216,216.0
34,Stratford District,2002,12,12,291,291.0
34,Stratford District,2003,12,12,285,285.0
34,Stratford District,2004,12,12,279,279.0
34,Stratford District,2005,12,12,237,237.0
34,Stratford District,2006,12,12,267,267.0
34,Stratford District,2007,12,12,255,255.0
34,Stratford District,2008,12,12,291,291.0
34,Stratford District,2009,12,12,294,294.0
34,Stratford District,2010,12,12,276,276.0
34,Stratford District,2011,12,12,291,291.0
34,Stratford District,2012,12,12,285,285.0
34,Stratford District,2013,12,12,282,282.0
34,Stratford District,2014,12,12,225,225.0
34,Stratford District,2015,12,12,228,228.0
34,Stratford District,2016,12,12,234,234.0
34,Stratford District,2017,12,12,186,186.0
34,Stratford District,2018,12,12,156,156.0
34,Stratford District,2019,12,12,147,147.0
34,Stratford District,2020,11,11,117,
34,Stratford District,2021,12,12,120,120.0
34,Stratford District,2022,11,11,117,
34,Stratford District,2023,11,11,144,
34,Stratford District,2024,12,12,162,162.0
34,Stratford District,2025,12,12,234,234.0
34,Stratford District,2026,7,7,108,
35,South Taranaki District,1993,11,11,342,
35,South Taranaki District,1994,12,12,432,432.0
35,South Taranaki District,1995,12,12,465,465.0
35,South Taranaki District,1996,12,12,570,570.0
35,South Taranaki District,1997,12,12,618,618.0
35,South Taranaki District,1998,12,12,639,639.0
35,South Taranaki District,1999,12,12,576,576.0
35,South Taranaki District,2000,12,12,609,609.0
35,South Taranaki District,2001,12,12,621,621.0
35,South Taranaki District,2002,12,12,636,636.0
35,South Taranaki District,2003,12,12,654,654.0
35,South Taranaki District,2004,12,12,681,681.0
35,South Taranaki District,2005,12,12,720,720.0
35,South Taranaki District,2006,12,12,780,780.0
35,South Taranaki District,2007,12,12,759,759.0
35,South Taranaki District,2008,12,12,750,750.0
35,South Taranaki District,2009,12,12,861,861.0
35,South Taranaki District,2010,12,12,828,828.0
35,South Taranaki District,2011,12,12,783,783.0
35,South Taranaki District,2012,12,12,798,798.0
35,South Taranaki District,2013,12,12,744,744.0
35,South Taranaki District,2014,12,12,774,774.0
35,South Taranaki District,2015,12,12,804,804.0
35,South Taranaki District,2016,12,12,828,828.0
35,South Taranaki District,2017,12,12,666,666.0
35,South Taranaki District,2018,12,12,585,585.0
35,South Taranaki District,2019,12,12,510,510.0
35,South Taranaki District,2020,12,12,483,483.0
35,South Taranaki District,2021,12,12,402,402.0
35,South Taranaki District,2022,12,12,345,345.0
35,South Taranaki District,2023,12,12,390,390.0
35,South Taranaki District,2024,12,12,447,447.0
35,South Taranaki District,2025,12,12,543,543.0
35,South Taranaki District,2026,7,7,327,
36,Ruapehu District,1993,11,11,183,
36,Ruapehu District,1994,12,12,201,201.0
36,Ruapehu District,1995,12,12,228,228.0
36,Ruapehu District,1996,12,12,279,279.0
36,Ruapehu District,1997,12,12,300,300.0
36,Ruapehu District,1998,12,12,342,342.0
36,Ruapehu District,1999,12,12,351,351.0
36,Ruapehu District,2000,12,12,360,360.0
36,Ruapehu District,2001,12,12,372,372.0
36,Ruapehu District,2002,12,12,357,357.0
36,Ruapehu District,2003,12,12,363,363.0
36,Ruapehu District,2004,12,12,387,387.0
36,Ruapehu District,2005,12,12,357,357.0
36,Ruapehu District,2006,12,12,345,345.0
36,Ruapehu District,2007,12,12,324,324.0
36,Ruapehu District,2008,12,12,369,369.0
36,Ruapehu District,2009,12,12,393,393.0
36,Ruapehu District,2010,12,12,393,393.0
36,Ruapehu District,2011,12,12,384,384.0
36,Ruapehu District,2012,12,12,381,381.0
36,Ruapehu District,2013,12,12,399,399.0
36,Ruapehu District,2014,12,12,435,435.0
36,Ruapehu District,2015,12,12,360,360.0
36,Ruapehu District,2016,12,12,417,417.0
36,Ruapehu District,2017,12,12,354,354.0
36,Ruapehu District,2018,12,12,267,267.0
36,Ruapehu District,2019,12,12,255,255.0
36,Ruapehu District,2020,11,11,264,
36,Ruapehu District,2021,12,12,300,300.0
36,Ruapehu District,2022,12,12,270,270.0
36,Ruapehu District,2023,12,12,231,231.0
36,Ruapehu District,2024,12,12,237,237.0
36,Ruapehu District,2025,12,12,357,357.0
36,Ruapehu District,2026,7,7,186,
37,Whanganui District,1993,11,11,951,
37,Whanganui District,1994,12,12,1182,1182.0
37,Whanganui District,1995,12,12,1302,1302.0
37,Whanganui District,1996,12,12,1611,1611.0
37,Whanganui District,1997,12,12,1494,1494.0
37,Whanganui District,1998,12,12,1623,1623.0
37,Whanganui District,1999,12,12,1563,1563.0
37,Whanganui District,2000,12,12,1488,1488.0
37,Whanganui District,2001,12,12,1458,1458.0
37,Whanganui District,2002,12,12,1446,1446.0
37,Whanganui District,2003,12,12,1500,1500.0
37,Whanganui District,2004,12,12,1665,1665.0
37,Whanganui District,2005,12,12,1647,1647.0
37,Whanganui District,2006,12,12,1614,1614.0
37,Whanganui District,2007,12,12,1629,1629.0
37,Whanganui District,2008,12,12,1758,1758.0
37,Whanganui District,2009,12,12,1863,1863.0
37,Whanganui District,2010,12,12,1752,1752.0
37,Whanganui District,2011,12,12,1689,1689.0
37,Whanganui District,2012,12,12,1602,1602.0
37,Whanganui District,2013,12,12,1545,1545.0
37,Whanganui District,2014,12,12,1596,1596.0
37,Whanganui District,2015,12,12,1500,1500.0
37,Whanganui District,2016,12,12,1353,1353.0
37,Whanganui District,2017,12,12,1269,1269.0
37,Whanganui District,2018,12,12,1218,1218.0
37,Whanganui District,2019,12,12,1140,1140.0
37,Whanganui District,2020,12,12,1185,1185.0
37,Whanganui District,2021,12,12,1095,1095.0
37,Whanganui District,2022,12,12,954,954.0
37,Whanganui District,2023,12,12,1005,1005.0
37,Whanganui District,2024,12,12,1023,1023.0
37,Whanganui District,2025,12,12,1302,1302.0
37,Whanganui District,2026,7,7,726,
38,Rangitikei District,1993,11,11,222,
38,Rangitikei District,1994,12,12,207,207.0
38,Rangitikei District,1995,12,12,258,258.0
38,Rangitikei District,1996,12,12,324,324.0
38,Rangitikei District,1997,12,12,318,318.0
38,Rangitikei District,1998,12,12,315,315.0
38,Rangitikei District,1999,12,12,291,291.0
38,Rangitikei District,2000,12,12,324,324.0
38,Rangitikei District,2001,12,12,309,309.0
38,Rangitikei District,2002,12,12,342,342.0
38,Rangitikei District,2003,12,12,318,318.0
38,Rangitikei District,2004,12,12,357,357.0
38,Rangitikei District,2005,12,12,336,336.0
38,Rangitikei District,2006,12,12,339,339.0
38,Rangitikei District,2007,12,12,339,339.0
38,Rangitikei District,2008,12,12,357,357.0
38,Rangitikei District,2009,12,12,354,354.0
38,Rangitikei District,2010,12,12,375,375.0
38,Rangitikei District,2011,12,12,360,360.0
38,Rangitikei District,2012,12,12,366,366.0
38,Rangitikei District,2013,12,12,360,360.0
38,Rangitikei District,2014,12,12,384,384.0
38,Rangitikei District,2015,12,12,339,339.0
38,Rangitikei District,2016,12,12,273,273.0
38,Rangitikei District,2017,12,12,195,195.0
38,Rangitikei District,2018,12,12,186,186.0
38,Rangitikei District,2019,12,12,210,210.0
38,Rangitikei District,2020,12,12,189,189.0
38,Rangitikei District,2021,12,12,219,219.0
38,Rangitikei District,2022,12,12,231,231.0
38,Rangitikei District,2023,12,12,231,231.0
38,Rangitikei District,2024,12,12,237,237.0
38,Rangitikei District,2025,12,12,291,291.0
38,Rangitikei District,2026,7,7,174,
39,Manawatu District,1993,11,11,321,
39,Manawatu District,1994,12,12,375,375.0
39,Manawatu District,1995,12,12,471,471.0
39,Manawatu District,1996,12,12,513,513.0
39,Manawatu District,1997,12,12,570,570.0
39,Manawatu District,1998,12,12,621,621.0
39,Manawatu District,1999,12,12,612,612.0
39,Manawatu District,2000,12,12,612,612.0
39,Manawatu District,2001,12,12,609,609.0
39,Manawatu District,2002,12,12,576,576.0
39,Manawatu District,2003,12,12,693,693.0
39,Manawatu District,2004,12,12,639,639.0
39,Manawatu District,2005,12,12,645,645.0
39,Manawatu District,2006,12,12,612,612.0
39,Manawatu District,2007,12,12,627,627.0
39,Manawatu District,2008,12,12,711,711.0
39,Manawatu District,2009,12,12,729,729.0
39,Manawatu District,2010,12,12,759,759.0
39,Manawatu District,2011,12,12,699,699.0
39,Manawatu District,2012,12,12,747,747.0
39,Manawatu District,2013,12,12,696,696.0
39,Manawatu District,2014,12,12,699,699.0
39,Manawatu District,2015,12,12,645,645.0
39,Manawatu District,2016,12,12,579,579.0
39,Manawatu District,2017,12,12,498,498.0
39,Manawatu District,2018,12,12,489,489.0
39,Manawatu District,2019,12,12,414,414.0
39,Manawatu District,2020,12,12,405,405.0
39,Manawatu District,2021,12,12,408,408.0
39,Manawatu District,2022,12,12,393,393.0
39,Manawatu District,2023,12,12,417,417.0
39,Manawatu District,2024,12,12,432,432.0
39,Manawatu District,2025,12,12,570,570.0
39,Manawatu District,2026,7,7,315,
40,Palmerston North City,1993,11,11,2910,
40,Palmerston North City,1994,12,12,3585,3585.0
40,Palmerston North City,1995,12,12,3726,3726.0
40,Palmerston North City,1996,12,12,3903,3903.0
40,Palmerston North City,1997,12,12,3924,3924.0
40,Palmerston North City,1998,12,12,4077,4077.0
40,Palmerston North City,1999,12,12,4218,4218.0
40,Palmerston North City,2000,12,12,4353,4353.0
40,Palmerston North City,2001,12,12,4524,4524.0
40,Palmerston North City,2002,12,12,4374,4374.0
40,Palmerston North City,2003,12,12,4500,4500.0
40,Palmerston North City,2004,12,12,4539,4539.0
40,Palmerston North City,2005,12,12,4506,4506.0
40,Palmerston North City,2006,12,12,4077,4077.0
40,Palmerston North City,2007,12,12,4092,4092.0
40,Palmerston North City,2008,12,12,4248,4248.0
40,Palmerston North City,2009,12,12,4344,4344.0
40,Palmerston North City,2010,12,12,4236,4236.0
40,Palmerston North City,2011,12,12,4014,4014.0
40,Palmerston North City,2012,12,12,4101,4101.0
40,Palmerston North City,2013,12,12,3999,3999.0
40,Palmerston North City,2014,12,12,3762,3762.0
40,Palmerston North City,2015,12,12,3675,3675.0
40,Palmerston North City,2016,12,12,3642,3642.0
40,Palmerston North City,2017,12,12,3495,3495.0
40,Palmerston North City,2018,12,12,3276,3276.0
40,Palmerston North City,2019,12,12,3018,3018.0
40,Palmerston North City,2020,12,12,2889,2889.0
40,Palmerston North City,2021,12,12,2784,2784.0
40,Palmerston North City,2022,12,12,2826,2826.0
40,Palmerston North City,2023,12,12,3054,3054.0
40,Palmerston North City,2024,12,12,3021,3021.0
40,Palmerston North City,2025,12,12,3441,3441.0
40,Palmerston North City,2026,7,7,1857,
41,Tararua District,1993,11,11,213,
41,Tararua District,1994,12,12,258,258.0
41,Tararua District,1995,12,12,318,318.0
41,Tararua District,1996,12,12,306,306.0
41,Tararua District,1997,12,12,354,354.0
41,Tararua District,1998,12,12,393,393.0
41,Tararua District,1999,12,12,384,384.0
41,Tararua District,2000,12,12,390,390.0
41,Tararua District,2001,12,12,402,402.0
41,Tararua District,2002,12,12,390,390.0
41,Tararua District,2003,12,12,405,405.0
41,Tararua District,2004,12,12,411,411.0
41,Tararua District,2005,12,12,411,411.0
41,Tararua District,2006,12,12,366,366.0
41,Tararua District,2007,12,12,420,420.0
41,Tararua District,2008,12,12,471,471.0
41,Tararua District,2009,12,12,477,477.0
41,Tararua District,2010,12,12,438,438.0
41,Tararua District,2011,12,12,462,462.0
41,Tararua District,2012,12,12,435,435.0
41,Tararua District,2013,12,12,456,456.0
41,Tararua District,2014,12,12,462,462.0
41,Tararua District,2015,12,12,399,399.0
41,Tararua District,2016,12,12,405,405.0
41,Tararua District,2017,12,12,342,342.0
41,Tararua District,2018,12,12,285,285.0
41,Tararua District,2019,12,12,279,279.0
41,Tararua District,2020,12,12,219,219.0
41,Tararua District,2021,12,12,249,249.0
41,Tararua District,2022,12,12,204,204.0
41,Tararua District,2023,12,12,252,252.0
41,Tararua District,2024,12,12,303,303.0
41,Tararua District,2025,12,12,324,324.0
41,Tararua District,2026,7,7,189,
42,Horowhenua District,1993,11,11,486,
42,Horowhenua District,1994,12,12,591,591.0
42,Horowhenua District,1995,12,12,642,642.0
42,Horowhenua District,1996,12,12,735,735.0
42,Horowhenua District,1997,12,12,735,735.0
42,Horowhenua District,1998,12,12,726,726.0
42,Horowhenua District,1999,12,12,846,846.0
42,Horowhenua District,2000,12,12,870,870.0
42,Horowhenua District,2001,12,12,882,882.0
42,Horowhenua District,2002,12,12,960,960.0
42,Horowhenua District,2003,12,12,1023,1023.0
42,Horowhenua District,2004,12,12,1089,1089.0
42,Horowhenua District,2005,12,12,1047,1047.0
42,Horowhenua District,2006,12,12,1056,1056.0
42,Horowhenua District,2007,12,12,1107,1107.0
42,Horowhenua District,2008,12,12,1155,1155.0
42,Horowhenua District,2009,12,12,1263,1263.0
42,Horowhenua District,2010,12,12,1176,1176.0
42,Horowhenua District,2011,12,12,1200,1200.0
42,Horowhenua District,2012,12,12,1167,1167.0
42,Horowhenua District,2013,12,12,1098,1098.0
42,Horowhenua District,2014,12,12,1068,1068.0
42,Horowhenua District,2015,12,12,954,954.0
42,Horowhenua District,2016,12,12,912,912.0
42,Horowhenua District,2017,12,12,852,852.0
42,Horowhenua District,2018,12,12,789,789.0
42,Horowhenua District,2019,12,12,762,762.0
42,Horowhenua District,2020,12,12,798,798.0
42,Horowhenua District,2021,12,12,744,744.0
42,Horowhenua District,2022,12,12,741,741.0
42,Horowhenua District,2023,12,12,741,741.0
42,Horowhenua District,2024,12,12,813,813.0
42,Horowhenua District,2025,12,12,1128,1128.0
42,Horowhenua District,2026,7,7,648,
43,Kapiti Coast District,1993,11,11,612,
43,Kapiti Coast District,1994,12,12,840,840.0
43,Kapiti Coast District,1995,12,12,897,897.0
43,Kapiti Coast District,1996,12,12,1074,1074.0
43,Kapiti Coast District,1997,12,12,1131,1131.0
43,Kapiti Coast District,1998,12,12,1242,1242.0
43,Kapiti Coast District,1999,12,12,1488,1488.0
43,Kapiti Coast District,2000,12,12,1560,1560.0
43,Kapiti Coast District,2001,12,12,1515,1515.0
43,Kapiti Coast District,2002,12,12,1572,1572.0
43,Kapiti Coast District,2003,12,12,1665,1665.0
43,Kapiti Coast District,2004,12,12,1668,1668.0
43,Kapiti Coast District,2005,12,12,1638,1638.0
43,Kapiti Coast District,2006,12,12,1581,1581.0
43,Kapiti Coast District,2007,12,12,1641,1641.0
43,Kapiti Coast District,2008,12,12,1686,1686.0
43,Kapiti Coast District,2009,12,12,1773,1773.0
43,Kapiti Coast District,2010,12,12,1650,1650.0
43,Kapiti Coast District,2011,12,12,1638,1638.0
43,Kapiti Coast District,2012,12,12,1587,1587.0
43,Kapiti Coast District,2013,12,12,1533,1533.0
43,Kapiti Coast District,2014,12,12,1530,1530.0
43,Kapiti Coast District,2015,12,12,1527,1527.0
43,Kapiti Coast District,2016,12,12,1566,1566.0
43,Kapiti Coast District,2017,12,12,1467,1467.0
43,Kapiti Coast District,2018,12,12,1365,1365.0
43,Kapiti Coast District,2019,12,12,1296,1296.0
43,Kapiti Coast District,2020,12,12,1095,1095.0
43,Kapiti Coast District,2021,12,12,1074,1074.0
43,Kapiti Coast District,2022,12,12,996,996.0
43,Kapiti Coast District,2023,12,12,1023,1023.0
43,Kapiti Coast District,2024,12,12,981,981.0
43,Kapiti Coast District,2025,12,12,1401,1401.0
43,Kapiti Coast District,2026,7,7,744,
44,Porirua City,1993,11,11,501,
44,Porirua City,1994,12,12,642,642.0
44,Porirua City,1995,12,12,714,714.0
44,Porirua City,1996,12,12,852,852.0
44,Porirua City,1997,12,12,1053,1053.0
44,Porirua City,1998,12,12,1134,1134.0
44,Porirua City,1999,12,12,1404,1404.0
44,Porirua City,2000,12,12,1248,1248.0
44,Porirua City,2001,12,12,1323,1323.0
44,Porirua City,2002,12,12,1356,1356.0
44,Porirua City,2003,12,12,1476,1476.0
44,Porirua City,2004,12,12,1353,1353.0
44,Porirua City,2005,12,12,1290,1290.0
44,Porirua City,2006,12,12,1215,1215.0
44,Porirua City,2007,12,12,1149,1149.0
44,Porirua City,2008,12,12,1305,1305.0
44,Porirua City,2009,12,12,1164,1164.0
44,Porirua City,2010,12,12,1245,1245.0
44,Porirua City,2011,12,12,1179,1179.0
44,Porirua City,2012,12,12,1218,1218.0
44,Porirua City,2013,12,12,1116,1116.0
44,Porirua City,2014,12,12,1092,1092.0
44,Porirua City,2015,12,12,1131,1131.0
44,Porirua City,2016,12,12,999,999.0
44,Porirua City,2017,12,12,933,933.0
44,Porirua City,2018,12,12,855,855.0
44,Porirua City,2019,12,12,822,822.0
44,Porirua City,2020,12,12,789,789.0
44,Porirua City,2021,12,12,798,798.0
44,Porirua City,2022,12,12,909,909.0
44,Porirua City,2023,12,12,918,918.0
44,Porirua City,2024,12,12,894,894.0
44,Porirua City,2025,12,12,1092,1092.0
44,Porirua City,2026,7,7,627,
45,Upper Hutt City,1993,11,11,579,
45,Upper Hutt City,1994,12,12,828,828.0
45,Upper Hutt City,1995,12,12,858,858.0
45,Upper Hutt City,1996,12,12,978,978.0
45,Upper Hutt City,1997,12,12,1089,1089.0
45,Upper Hutt City,1998,12,12,1131,1131.0
45,Upper Hutt City,1999,12,12,1242,1242.0
45,Upper Hutt City,2000,12,12,1281,1281.0
45,Upper Hutt City,2001,12,12,1281,1281.0
45,Upper Hutt City,2002,12,12,1359,1359.0
45,Upper Hutt City,2003,12,12,1332,1332.0
45,Upper Hutt City,2004,12,12,1218,1218.0
45,Upper Hutt City,2005,12,12,1227,1227.0
45,Upper Hutt City,2006,12,12,1110,1110.0
45,Upper Hutt City,2007,12,12,1200,1200.0
45,Upper Hutt City,2008,12,12,1221,1221.0
45,Upper Hutt City,2009,12,12,1287,1287.0
45,Upper Hutt City,2010,12,12,1191,1191.0
45,Upper Hutt City,2011,12,12,1347,1347.0
45,Upper Hutt City,2012,12,12,1299,1299.0
45,Upper Hutt City,2013,12,12,1257,1257.0
45,Upper Hutt City,2014,12,12,1188,1188.0
45,Upper Hutt City,2015,12,12,1158,1158.0
45,Upper Hutt City,2016,12,12,1098,1098.0
45,Upper Hutt City,2017,12,12,951,951.0
45,Upper Hutt City,2018,12,12,918,918.0
45,Upper Hutt City,2019,12,12,840,840.0
45,Upper Hutt City,2020,12,12,810,810.0
45,Upper Hutt City,2021,12,12,819,819.0
45,Upper Hutt City,2022,12,12,924,924.0
45,Upper Hutt City,2023,12,12,906,906.0
45,Upper Hutt City,2024,12,12,819,819.0
45,Upper Hutt City,2025,12,12,1101,1101.0
45,Upper Hutt City,2026,7,7,573,
46,Lower Hutt City,1993,11,11,1785,
46,Lower Hutt City,1994,12,12,2028,2028.0
46,Lower Hutt City,1995,12,12,2124,2124.0
46,Lower Hutt City,1996,12,12,2493,2493.0
46,Lower Hutt City,1997,12,12,2691,2691.0
46,Lower Hutt City,1998,12,12,2973,2973.0
46,Lower Hutt City,1999,12,12,3318,3318.0
46,Lower Hutt City,2000,12,12,3336,3336.0
46,Lower Hutt City,2001,12,12,3456,3456.0
46,Lower Hutt City,2002,12,12,3612,3612.0
46,Lower Hutt City,2003,12,12,3645,3645.0
46,Lower Hutt City,2004,12,12,3384,3384.0
46,Lower Hutt City,2005,12,12,3309,3309.0
46,Lower Hutt City,2006,12,12,3000,3000.0
46,Lower Hutt City,2007,12,12,3165,3165.0
46,Lower Hutt City,2008,12,12,3315,3315.0
46,Lower Hutt City,2009,12,12,3288,3288.0
46,Lower Hutt City,2010,12,12,3228,3228.0
46,Lower Hutt City,2011,12,12,3279,3279.0
46,Lower Hutt City,2012,12,12,3165,3165.0
46,Lower Hutt City,2013,12,12,3102,3102.0
46,Lower Hutt City,2014,12,12,3126,3126.0
46,Lower Hutt City,2015,12,12,2982,2982.0
46,Lower Hutt City,2016,12,12,2934,2934.0
46,Lower Hutt City,2017,12,12,2718,2718.0
46,Lower Hutt City,2018,12,12,2511,2511.0
46,Lower Hutt City,2019,12,12,2412,2412.0
46,Lower Hutt City,2020,12,12,2250,2250.0
46,Lower Hutt City,2021,12,12,2487,2487.0
46,Lower Hutt City,2022,12,12,2709,2709.0
46,Lower Hutt City,2023,12,12,2706,2706.0
46,Lower Hutt City,2024,12,12,2706,2706.0
46,Lower Hutt City,2025,12,12,3264,3264.0
46,Lower Hutt City,2026,7,7,1905,
47,Wellington City,1993,11,11,5241,
47,Wellington City,1994,12,12,6303,6303.0
47,Wellington City,1995,12,12,6450,6450.0
47,Wellington City,1996,12,12,7392,7392.0
47,Wellington City,1997,12,12,8235,8235.0
47,Wellington City,1998,12,12,9306,9306.0
47,Wellington City,1999,12,12,10107,10107.0
47,Wellington City,2000,12,12,10974,10974.0
47,Wellington City,2001,12,12,11553,11553.0
47,Wellington City,2002,12,12,11754,11754.0
47,Wellington City,2003,12,12,12462,12462.0
47,Wellington City,2004,12,12,12930,12930.0
47,Wellington City,2005,12,12,12639,12639.0
47,Wellington City,2006,12,12,12501,12501.0
47,Wellington City,2007,12,12,12285,12285.0
47,Wellington City,2008,12,12,12534,12534.0
47,Wellington City,2009,12,12,12084,12084.0
47,Wellington City,2010,12,12,13119,13119.0
47,Wellington City,2011,12,12,13362,13362.0
47,Wellington City,2012,12,12,13695,13695.0
47,Wellington City,2013,12,12,13287,13287.0
47,Wellington City,2014,12,12,12513,12513.0
47,Wellington City,2015,12,12,13245,13245.0
47,Wellington City,2016,12,12,13047,13047.0
47,Wellington City,2017,12,12,12267,12267.0
47,Wellington City,2018,12,12,11664,11664.0
47,Wellington City,2019,12,12,11253,11253.0
47,Wellington City,2020,12,12,10815,10815.0
47,Wellington City,2021,12,12,10854,10854.0
47,Wellington City,2022,12,12,11211,11211.0
47,Wellington City,2023,12,12,11289,11289.0
47,Wellington City,2024,12,12,10194,10194.0
47,Wellington City,2025,12,12,11952,11952.0
47,Wellington City,2026,7,7,7224,
48,Masterton District,1993,11,11,507,
48,Masterton District,1994,12,12,537,537.0
48,Masterton District,1995,12,12,558,558.0
48,Masterton District,1996,12,12,618,618.0
48,Masterton District,1997,12,12,642,642.0
48,Masterton District,1998,12,12,633,633.0
48,Masterton District,1999,12,12,690,690.0
48,Masterton District,2000,12,12,669,669.0
48,Masterton District,2001,12,12,690,690.0
48,Masterton District,2002,12,12,747,747.0
48,Masterton District,2003,12,12,708,708.0
48,Masterton District,2004,12,12,762,762.0
48,Masterton District,2005,12,12,675,675.0
48,Masterton District,2006,12,12,693,693.0
48,Masterton District,2007,12,12,690,690.0
48,Masterton District,2008,12,12,681,681.0
48,Masterton District,2009,12,12,774,774.0
48,Masterton District,2010,12,12,774,774.0
48,Masterton District,2011,12,12,720,720.0
48,Masterton District,2012,12,12,735,735.0
48,Masterton District,2013,12,12,738,738.0
48,Masterton District,2014,12,12,684,684.0
48,Masterton District,2015,12,12,678,678.0
48,Masterton District,2016,12,12,666,666.0
48,Masterton District,2017,12,12,618,618.0
48,Masterton District,2018,12,12,570,570.0
48,Masterton District,2019,12,12,597,597.0
48,Masterton District,2020,12,12,525,525.0
48,Masterton District,2021,12,12,582,582.0
48,Masterton District,2022,12,12,561,561.0
48,Masterton District,2023,12,12,582,582.0
48,Masterton District,2024,12,12,573,573.0
48,Masterton District,2025,12,12,756,756.0
48,Masterton District,2026,7,7,456,
49,Carterton District,1993,10,10,102,
49,Carterton District,1994,11,11,96,
49,Carterton District,1995,12,12,90,90.0
49,Carterton District,1996,9,9,75,
49,Carterton District,1997,10,10,99,
49,Carterton District,1998,12,12,99,99.0
49,Carterton District,1999,11,11,93,
49,Carterton District,2000,12,12,144,144.0
49,Carterton District,2001,12,12,138,138.0
49,Carterton District,2002,12,12,138,138.0
49,Carterton District,2003,12,12,153,153.0
49,Carterton District,2004,11,11,135,
49,Carterton District,2005,12,12,132,132.0
49,Carterton District,2006,12,12,135,135.0
49,Carterton District,2007,12,12,150,150.0
49,Carterton District,2008,12,12,150,150.0
49,Carterton District,2009,12,12,186,186.0
49,Carterton District,2010,12,12,204,204.0
49,Carterton District,2011,12,12,180,180.0
49,Carterton District,2012,12,12,195,195.0
49,Carterton District,2013,12,12,189,189.0
49,Carterton District,2014,12,12,159,159.0
49,Carterton District,2015,12,12,174,174.0
49,Carterton District,2016,12,12,153,153.0
49,Carterton District,2017,12,12,135,135.0
49,Carterton District,2018,12,12,126,126.0
49,Carterton District,2019,11,11,135,
49,Carterton District,2020,11,11,144,
49,Carterton District,2021,12,12,108,108.0
49,Carterton District,2022,10,10,96,
49,Carterton District,2023,12,12,141,141.0
49,Carterton District,2024,12,12,141,141.0
49,Carterton District,2025,12,12,210,210.0
49,Carterton District,2026,7,7,114,
50,South Wairarapa District,1993,10,10,102,
50,South Wairarapa District,1994,12,12,111,111.0
50,South Wairarapa District,1995,11,11,105,
50,South Wairarapa District,1996,11,11,114,
50,South Wairarapa District,1997,11,11,120,
50,South Wairarapa District,1998,10,10,93,
50,South Wairarapa District,1999,12,12,120,120.0
50,South Wairarapa District,2000,12,12,126,126.0
50,South Wairarapa District,2001,12,12,141,141.0
50,South Wairarapa District,2002,12,12,129,129.0
50,South Wairarapa District,2003,12,12,171,171.0
50,South Wairarapa District,2004,12,12,171,171.0
50,South Wairarapa District,2005,12,12,183,183.0
50,South Wairarapa District,2006,12,12,177,177.0
50,South Wairarapa District,2007,12,12,183,183.0
50,South Wairarapa District,2008,12,12,234,234.0
50,South Wairarapa District,2009,12,12,228,228.0
50,South Wairarapa District,2010,12,12,246,246.0
50,South Wairarapa District,2011,12,12,240,240.0
50,South Wairarapa District,2012,12,12,213,213.0
50,South Wairarapa District,2013,12,12,189,189.0
50,South Wairarapa District,2014,12,12,219,219.0
50,South Wairarapa District,2015,12,12,195,195.0
50,South Wairarapa District,2016,12,12,177,177.0
50,South Wairarapa District,2017,12,12,198,198.0
50,South Wairarapa District,2018,12,12,174,174.0
50,South Wairarapa District,2019,12,12,183,183.0
50,South Wairarapa District,2020,11,11,183,
50,South Wairarapa District,2021,12,12,171,171.0
50,South Wairarapa District,2022,12,12,168,168.0
50,South Wairarapa District,2023,12,12,186,186.0
50,South Wairarapa District,2024,12,12,177,177.0
50,South Wairarapa District,2025,12,12,276,276.0
50,South Wairarapa District,2026,7,7,117,
51,Tasman District,1993,11,11,339,
51,Tasman District,1994,12,12,453,453.0
51,Tasman District,1995,12,12,525,525.0
51,Tasman District,1996,12,12,591,591.0
51,Tasman District,1997,12,12,654,654.0
51,Tasman District,1998,12,12,804,804.0
51,Tasman District,1999,12,12,786,786.0
51,Tasman District,2000,12,12,783,783.0
51,Tasman District,2001,12,12,804,804.0
51,Tasman District,2002,12,12,816,816.0
51,Tasman District,2003,12,12,867,867.0
51,Tasman District,2004,12,12,924,924.0
51,Tasman District,2005,12,12,963,963.0
51,Tasman District,2006,12,12,996,996.0
51,Tasman District,2007,12,12,948,948.0
51,Tasman District,2008,12,12,1071,1071.0
51,Tasman District,2009,12,12,1188,1188.0
51,Tasman District,2010,12,12,1152,1152.0
51,Tasman District,2011,12,12,1149,1149.0
51,Tasman District,2012,12,12,1197,1197.0
51,Tasman District,2013,12,12,1167,1167.0
51,Tasman District,2014,12,12,1104,1104.0
51,Tasman District,2015,12,12,1101,1101.0
51,Tasman District,2016,12,12,1116,1116.0
51,Tasman District,2017,12,12,957,957.0
51,Tasman District,2018,12,12,990,990.0
51,Tasman District,2019,12,12,963,963.0
51,Tasman District,2020,12,12,957,957.0
51,Tasman District,2021,12,12,894,894.0
51,Tasman District,2022,12,12,780,780.0
51,Tasman District,2023,12,12,852,852.0
51,Tasman District,2024,12,12,780,780.0
51,Tasman District,2025,12,12,1038,1038.0
51,Tasman District,2026,7,7,534,
52,Nelson City,1993,11,11,1506,
52,Nelson City,1994,12,12,1734,1734.0
52,Nelson City,1995,12,12,1944,1944.0
52,Nelson City,1996,12,12,2094,2094.0
52,Nelson City,1997,12,12,2094,2094.0
52,Nelson City,1998,12,12,2229,2229.0
52,Nelson City,1999,12,12,2241,2241.0
52,Nelson City,2000,12,12,2208,2208.0
52,Nelson City,2001,12,12,2100,2100.0
52,Nelson City,2002,12,12,2106,2106.0
52,Nelson City,2003,12,12,2169,2169.0
52,Nelson City,2004,12,12,2337,2337.0
52,Nelson City,2005,12,12,2262,2262.0
52,Nelson City,2006,12,12,2205,2205.0
52,Nelson City,2007,12,12,2055,2055.0
52,Nelson City,2008,12,12,2241,2241.0
52,Nelson City,2009,12,12,2415,2415.0
52,Nelson City,2010,12,12,2259,2259.0
52,Nelson City,2011,12,12,2382,2382.0
52,Nelson City,2012,12,12,2553,2553.0
52,Nelson City,2013,12,12,2694,2694.0
52,Nelson City,2014,12,12,2478,2478.0
52,Nelson City,2015,12,12,2292,2292.0
52,Nelson City,2016,12,12,2295,2295.0
52,Nelson City,2017,12,12,2055,2055.0
52,Nelson City,2018,12,12,1890,1890.0
52,Nelson City,2019,12,12,1875,1875.0
52,Nelson City,2020,12,12,1749,1749.0
52,Nelson City,2021,12,12,1626,1626.0
52,Nelson City,2022,12,12,1551,1551.0
52,Nelson City,2023,12,12,1530,1530.0
52,Nelson City,2024,12,12,1395,1395.0
52,Nelson City,2025,12,12,1695,1695.0
52,Nelson City,2026,7,7,903,
53,Marlborough District,1993,11,11,678,
53,Marlborough District,1994,12,12,831,831.0
53,Marlborough District,1995,12,12,840,840.0
53,Marlborough District,1996,12,12,1017,1017.0
53,Marlborough District,1997,12,12,1083,1083.0
53,Marlborough District,1998,12,12,1236,1236.0
53,Marlborough District,1999,12,12,1305,1305.0
53,Marlborough District,2000,12,12,1404,1404.0
53,Marlborough District,2001,12,12,1362,1362.0
53,Marlborough District,2002,12,12,1383,1383.0
53,Marlborough District,2003,12,12,1323,1323.0
53,Marlborough District,2004,12,12,1221,1221.0
53,Marlborough District,2005,12,12,1329,1329.0
53,Marlborough District,2006,12,12,1329,1329.0
53,Marlborough District,2007,12,12,1452,1452.0
53,Marlborough District,2008,12,12,1542,1542.0
53,Marlborough District,2009,12,12,1704,1704.0
53,Marlborough District,2010,12,12,1653,1653.0
53,Marlborough District,2011,12,12,1707,1707.0
53,Marlborough District,2012,12,12,1680,1680.0
53,Marlborough District,2013,12,12,1500,1500.0
53,Marlborough District,2014,12,12,1317,1317.0
53,Marlborough District,2015,12,12,1224,1224.0
53,Marlborough District,2016,12,12,1152,1152.0
53,Marlborough District,2017,12,12,993,993.0
53,Marlborough District,2018,12,12,987,987.0
53,Marlborough District,2019,12,12,957,957.0
53,Marlborough District,2020,12,12,915,915.0
53,Marlborough District,2021,12,12,846,846.0
53,Marlborough District,2022,12,12,777,777.0
53,Marlborough District,2023,12,12,771,771.0
53,Marlborough District,2024,12,12,801,801.0
53,Marlborough District,2025,12,12,1191,1191.0
53,Marlborough District,2026,7,7,600,
54,Kaikoura District,1994,3,3,18,
54,Kaikoura District,1995,4,4,30,
54,Kaikoura District,1996,1,1,6,
54,Kaikoura District,1997,3,3,18,
54,Kaikoura District,1998,3,3,18,
54,Kaikoura District,1999,4,4,24,
54,Kaikoura District,2000,3,3,18,
54,Kaikoura District,2001,4,4,24,
54,Kaikoura District,2002,11,11,75,
54,Kaikoura District,2003,12,12,108,108.0
54,Kaikoura District,2004,11,11,120,
54,Kaikoura District,2005,11,11,120,
54,Kaikoura District,2006,11,11,117,
54,Kaikoura District,2007,11,11,117,
54,Kaikoura District,2008,12,12,144,144.0
54,Kaikoura District,2009,12,12,105,105.0
54,Kaikoura District,2010,12,12,123,123.0
54,Kaikoura District,2011,12,12,144,144.0
54,Kaikoura District,2012,12,12,147,147.0
54,Kaikoura District,2013,12,12,117,117.0
54,Kaikoura District,2014,11,11,102,
54,Kaikoura District,2015,12,12,108,108.0
54,Kaikoura District,2016,12,12,102,102.0
54,Kaikoura District,2017,11,11,120,
54,Kaikoura District,2018,10,10,87,
54,Kaikoura District,2019,7,7,54,
54,Kaikoura District,2020,7,7,57,
54,Kaikoura District,2021,9,9,69,
54,Kaikoura District,2022,6,6,45,
54,Kaikoura District,2023,6,6,39,
54,Kaikoura District,2024,7,7,42,
54,Kaikoura District,2025,10,10,81,
54,Kaikoura District,2026,5,5,36,
55,Buller District,1993,10,10,78,
55,Buller District,1994,12,12,114,114.0
55,Buller District,1995,11,11,114,
55,Buller District,1996,12,12,129,129.0
55,Buller District,1997,12,12,159,159.0
55,Buller District,1998,12,12,165,165.0
55,Buller District,1999,12,12,159,159.0
55,Buller District,2000,12,12,174,174.0
55,Buller District,2001,12,12,159,159.0
55,Buller District,2002,12,12,201,201.0
55,Buller District,2003,12,12,204,204.0
55,Buller District,2004,12,12,258,258.0
55,Buller District,2005,12,12,243,243.0
55,Buller District,2006,12,12,303,303.0
55,Buller District,2007,12,12,330,330.0
55,Buller District,2008,12,12,342,342.0
55,Buller District,2009,12,12,318,318.0
55,Buller District,2010,12,12,324,324.0
55,Buller District,2011,12,12,351,351.0
55,Buller District,2012,12,12,300,300.0
55,Buller District,2013,12,12,336,336.0
55,Buller District,2014,12,12,303,303.0
55,Buller District,2015,12,12,372,372.0
55,Buller District,2016,12,12,336,336.0
55,Buller District,2017,12,12,276,276.0
55,Buller District,2018,12,12,237,237.0
55,Buller District,2019,12,12,192,192.0
55,Buller District,2020,12,12,192,192.0
55,Buller District,2021,12,12,171,171.0
55,Buller District,2022,12,12,144,144.0
55,Buller District,2023,12,12,162,162.0
55,Buller District,2024,12,12,138,138.0
55,Buller District,2025,12,12,210,210.0
55,Buller District,2026,7,7,111,
56,Grey District,1993,11,11,198,
56,Grey District,1994,12,12,228,228.0
56,Grey District,1995,12,12,258,258.0
56,Grey District,1996,12,12,333,333.0
56,Grey District,1997,12,12,345,345.0
56,Grey District,1998,12,12,318,318.0
56,Grey District,1999,12,12,285,285.0
56,Grey District,2000,12,12,297,297.0
56,Grey District,2001,12,12,288,288.0
56,Grey District,2002,12,12,327,327.0
56,Grey District,2003,12,12,339,339.0
56,Grey District,2004,12,12,360,360.0
56,Grey District,2005,12,12,330,330.0
56,Grey District,2006,12,12,273,273.0
56,Grey District,2007,12,12,324,324.0
56,Grey District,2008,12,12,327,327.0
56,Grey District,2009,12,12,348,348.0
56,Grey District,2010,12,12,357,357.0
56,Grey District,2011,12,12,399,399.0
56,Grey District,2012,12,12,375,375.0
56,Grey District,2013,12,12,357,357.0
56,Grey District,2014,12,12,342,342.0
56,Grey District,2015,12,12,369,369.0
56,Grey District,2016,12,12,363,363.0
56,Grey District,2017,12,12,330,330.0
56,Grey District,2018,12,12,312,312.0
56,Grey District,2019,12,12,237,237.0
56,Grey District,2020,11,11,210,
56,Grey District,2021,12,12,174,174.0
56,Grey District,2022,12,12,186,186.0
56,Grey District,2023,12,12,144,144.0
56,Grey District,2024,12,12,177,177.0
56,Grey District,2025,12,12,201,201.0
56,Grey District,2026,7,7,96,
57,Westland District,1993,4,4,24,
57,Westland District,1994,4,4,24,
57,Westland District,1995,6,6,51,
57,Westland District,1996,10,10,87,
57,Westland District,1997,12,12,132,132.0
57,Westland District,1998,11,11,117,
57,Westland District,1999,11,11,105,
57,Westland District,2000,12,12,126,126.0
57,Westland District,2001,11,11,105,
57,Westland District,2002,12,12,132,132.0
57,Westland District,2003,12,12,183,183.0
57,Westland District,2004,12,12,138,138.0
57,Westland District,2005,12,12,159,159.0
57,Westland District,2006,12,12,171,171.0
57,Westland District,2007,12,12,174,174.0
57,Westland District,2008,12,12,189,189.0
57,Westland District,2009,12,12,156,156.0
57,Westland District,2010,12,12,210,210.0
57,Westland District,2011,12,12,213,213.0
57,Westland District,2012,12,12,219,219.0
57,Westland District,2013,12,12,228,228.0
57,Westland District,2014,12,12,189,189.0
57,Westland District,2015,12,12,228,228.0
57,Westland District,2016,12,12,168,168.0
57,Westland District,2017,12,12,183,183.0
57,Westland District,2018,12,12,168,168.0
57,Westland District,2019,12,12,147,147.0
57,Westland District,2020,12,12,144,144.0
57,Westland District,2021,12,12,120,120.0
57,Westland District,2022,11,11,117,
57,Westland District,2023,12,12,114,114.0
57,Westland District,2024,12,12,111,111.0
57,Westland District,2025,11,11,141,
57,Westland District,2026,7,7,60,
58,Hurunui District,1993,6,6,39,
58,Hurunui District,1994,9,9,66,
58,Hurunui District,1995,8,8,57,
58,Hurunui District,1996,7,7,54,
58,Hurunui District,1997,11,11,96,
58,Hurunui District,1998,12,12,102,102.0
58,Hurunui District,1999,12,12,114,114.0
58,Hurunui District,2000,12,12,141,141.0
58,Hurunui District,2001,12,12,147,147.0
58,Hurunui District,2002,12,12,141,141.0
58,Hurunui District,2003,12,12,162,162.0
58,Hurunui District,2004,12,12,195,195.0
58,Hurunui District,2005,12,12,228,228.0
58,Hurunui District,2006,12,12,204,204.0
58,Hurunui District,2007,12,12,255,255.0
58,Hurunui District,2008,12,12,237,237.0
58,Hurunui District,2009,12,12,219,219.0
58,Hurunui District,2010,12,12,252,252.0
58,Hurunui District,2011,12,12,252,252.0
58,Hurunui District,2012,12,12,210,210.0
58,Hurunui District,2013,12,12,186,186.0
58,Hurunui District,2014,12,12,207,207.0
58,Hurunui District,2015,12,12,189,189.0
58,Hurunui District,2016,12,12,219,219.0
58,Hurunui District,2017,12,12,222,222.0
58,Hurunui District,2018,12,12,198,198.0
58,Hurunui District,2019,12,12,201,201.0
58,Hurunui District,2020,12,12,156,156.0
58,Hurunui District,2021,12,12,129,129.0
58,Hurunui District,2022,12,12,138,138.0
58,Hurunui District,2023,12,12,135,135.0
58,Hurunui District,2024,11,11,129,
58,Hurunui District,2025,12,12,201,201.0
58,Hurunui District,2026,7,7,102,
59,Waimakariri District,1993,11,11,336,
59,Waimakariri District,1994,12,12,396,396.0
59,Waimakariri District,1995,12,12,471,471.0
59,Waimakariri District,1996,12,12,540,540.0
59,Waimakariri District,1997,12,12,624,624.0
59,Waimakariri District,1998,12,12,660,660.0
59,Waimakariri District,1999,12,12,777,777.0
59,Waimakariri District,2000,12,12,840,840.0
59,Waimakariri District,2001,12,12,870,870.0
59,Waimakariri District,2002,12,12,849,849.0
59,Waimakariri District,2003,12,12,807,807.0
59,Waimakariri District,2004,12,12,726,726.0
59,Waimakariri District,2005,12,12,894,894.0
59,Waimakariri District,2006,12,12,879,879.0
59,Waimakariri District,2007,12,12,855,855.0
59,Waimakariri District,2008,12,12,1035,1035.0
59,Waimakariri District,2009,12,12,1062,1062.0
59,Waimakariri District,2010,12,12,1002,1002.0
59,Waimakariri District,2011,12,12,978,978.0
59,Waimakariri District,2012,12,12,783,783.0
59,Waimakariri District,2013,12,12,855,855.0
59,Waimakariri District,2014,12,12,993,993.0
59,Waimakariri District,2015,12,12,1050,1050.0
59,Waimakariri District,2016,12,12,1068,1068.0
59,Waimakariri District,2017,12,12,984,984.0
59,Waimakariri District,2018,12,12,921,921.0
59,Waimakariri District,2019,12,12,897,897.0
59,Waimakariri District,2020,12,12,747,747.0
59,Waimakariri District,2021,12,12,720,720.0
59,Waimakariri District,2022,12,12,621,621.0
59,Waimakariri District,2023,12,12,690,690.0
59,Waimakariri District,2024,12,12,621,621.0
59,Waimakariri District,2025,12,12,975,975.0
59,Waimakariri District,2026,7,7,531,
60,Christchurch City,1993,11,11,8673,
60,Christchurch City,1994,12,12,11112,11112.0
60,Christchurch City,1995,12,12,11736,11736.0
60,Christchurch City,1996,12,12,13182,13182.0
60,Christchurch City,1997,12,12,14430,14430.0
60,Christchurch City,1998,12,12,15096,15096.0
60,Christchurch City,1999,12,12,15636,15636.0
60,Christchurch City,2000,12,12,16032,16032.0
60,Christchurch City,2001,12,12,16431,16431.0
60,Christchurch City,2002,12,12,16518,16518.0
60,Christchurch City,2003,12,12,17172,17172.0
60,Christchurch City,2004,12,12,16893,16893.0
60,Christchurch City,2005,12,12,17328,17328.0
60,Christchurch City,2006,12,12,17082,17082.0
60,Christchurch City,2007,12,12,17220,17220.0
60,Christchurch City,2008,12,12,17871,17871.0
60,Christchurch City,2009,12,12,18696,18696.0
60,Christchurch City,2010,12,12,18189,18189.0
60,Christchurch City,2011,12,12,18036,18036.0
60,Christchurch City,2012,12,12,15030,15030.0
60,Christchurch City,2013,12,12,14706,14706.0
60,Christchurch City,2014,12,12,15576,15576.0
60,Christchurch City,2015,12,12,17274,17274.0
60,Christchurch City,2016,12,12,18048,18048.0
60,Christchurch City,2017,12,12,17541,17541.0
60,Christchurch City,2018,12,12,16221,16221.0
60,Christchurch City,2019,12,12,15660,15660.0
60,Christchurch City,2020,12,12,15078,15078.0
60,Christchurch City,2021,12,12,15573,15573.0
60,Christchurch City,2022,12,12,14682,14682.0
60,Christchurch City,2023,12,12,14934,14934.0
60,Christchurch City,2024,12,12,14385,14385.0
60,Christchurch City,2025,12,12,17151,17151.0
60,Christchurch City,2026,7,7,9234,
62,Selwyn District,1993,5,5,42,
62,Selwyn District,1994,10,10,87,
62,Selwyn District,1995,9,9,75,
62,Selwyn District,1996,12,12,102,102.0
62,Selwyn District,1997,12,12,138,138.0
62,Selwyn District,1998,12,12,135,135.0
62,Selwyn District,1999,12,12,162,162.0
62,Selwyn District,2000,12,12,198,198.0
62,Selwyn District,2001,12,12,207,207.0
62,Selwyn District,2002,12,12,219,219.0
62,Selwyn District,2003,12,12,273,273.0
62,Selwyn District,2004,12,12,324,324.0
62,Selwyn District,2005,12,12,339,339.0
62,Selwyn District,2006,12,12,405,405.0
62,Selwyn District,2007,12,12,459,459.0
62,Selwyn District,2008,12,12,624,624.0
62,Selwyn District,2009,12,12,630,630.0
62,Selwyn District,2010,12,12,666,666.0
62,Selwyn District,2011,12,12,603,603.0
62,Selwyn District,2012,12,12,537,537.0
62,Selwyn District,2013,12,12,639,639.0
62,Selwyn District,2014,12,12,789,789.0
62,Selwyn District,2015,12,12,978,978.0
62,Selwyn District,2016,12,12,1008,1008.0
62,Selwyn District,2017,12,12,915,915.0
62,Selwyn District,2018,12,12,837,837.0
62,Selwyn District,2019,12,12,888,888.0
62,Selwyn District,2020,12,12,861,861.0
62,Selwyn District,2021,12,12,897,897.0
62,Selwyn District,2022,12,12,813,813.0
62,Selwyn District,2023,12,12,906,906.0
62,Selwyn District,2024,12,12,837,837.0
62,Selwyn District,2025,12,12,1938,1938.0
62,Selwyn District,2026,7,7,996,
63,Ashburton District,1993,11,11,189,
63,Ashburton District,1994,12,12,225,225.0
63,Ashburton District,1995,12,12,252,252.0
63,Ashburton District,1996,12,12,258,258.0
63,Ashburton District,1997,12,12,294,294.0
63,Ashburton District,1998,12,12,408,408.0
63,Ashburton District,1999,12,12,468,468.0
63,Ashburton District,2000,12,12,468,468.0
63,Ashburton District,2001,12,12,474,474.0
63,Ashburton District,2002,12,12,426,426.0
63,Ashburton District,2003,12,12,537,537.0
63,Ashburton District,2004,12,12,561,561.0
63,Ashburton District,2005,12,12,579,579.0
63,Ashburton District,2006,12,12,630,630.0
63,Ashburton District,2007,12,12,771,771.0
63,Ashburton District,2008,12,12,819,819.0
63,Ashburton District,2009,12,12,909,909.0
63,Ashburton District,2010,12,12,939,939.0
63,Ashburton District,2011,12,12,1032,1032.0
63,Ashburton District,2012,12,12,888,888.0
63,Ashburton District,2013,12,12,858,858.0
63,Ashburton District,2014,12,12,900,900.0
63,Ashburton District,2015,12,12,909,909.0
63,Ashburton District,2016,12,12,870,870.0
63,Ashburton District,2017,12,12,834,834.0
63,Ashburton District,2018,12,12,810,810.0
63,Ashburton District,2019,12,12,735,735.0
63,Ashburton District,2020,12,12,669,669.0
63,Ashburton District,2021,12,12,624,624.0
63,Ashburton District,2022,12,12,606,606.0
63,Ashburton District,2023,12,12,549,549.0
63,Ashburton District,2024,12,12,513,513.0
63,Ashburton District,2025,12,12,690,690.0
63,Ashburton District,2026,7,7,405,
64,Timaru District,1993,11,11,603,
64,Timaru District,1994,12,12,711,711.0
64,Timaru District,1995,12,12,828,828.0
64,Timaru District,1996,12,12,987,987.0
64,Timaru District,1997,12,12,1011,1011.0
64,Timaru District,1998,12,12,984,984.0
64,Timaru District,1999,12,12,990,990.0
64,Timaru District,2000,12,12,987,987.0
64,Timaru District,2001,12,12,1059,1059.0
64,Timaru District,2002,12,12,1080,1080.0
64,Timaru District,2003,12,12,1221,1221.0
64,Timaru District,2004,12,12,1083,1083.0
64,Timaru District,2005,12,12,1164,1164.0
64,Timaru District,2006,12,12,1185,1185.0
64,Timaru District,2007,12,12,1191,1191.0
64,Timaru District,2008,12,12,1203,1203.0
64,Timaru District,2009,12,12,1278,1278.0
64,Timaru District,2010,12,12,1251,1251.0
64,Timaru District,2011,12,12,1239,1239.0
64,Timaru District,2012,12,12,1245,1245.0
64,Timaru District,2013,12,12,1167,1167.0
64,Timaru District,2014,12,12,1095,1095.0
64,Timaru District,2015,12,12,1098,1098.0
64,Timaru District,2016,12,12,1170,1170.0
64,Timaru District,2017,12,12,1140,1140.0
64,Timaru District,2018,12,12,1023,1023.0
64,Timaru District,2019,12,12,1032,1032.0
64,Timaru District,2020,12,12,864,864.0
64,Timaru District,2021,12,12,876,876.0
64,Timaru District,2022,12,12,762,762.0
64,Timaru District,2023,12,12,702,702.0
64,Timaru District,2024,12,12,735,735.0
64,Timaru District,2025,12,12,864,864.0
64,Timaru District,2026,7,7,483,
65,Mackenzie District,1993,2,2,15,
65,Mackenzie District,1994,4,4,33,
65,Mackenzie District,1995,7,7,51,
65,Mackenzie District,1996,8,8,57,
65,Mackenzie District,1997,5,5,39,
65,Mackenzie District,1998,9,9,75,
65,Mackenzie District,1999,12,12,84,84.0
65,Mackenzie District,2000,9,9,72,
65,Mackenzie District,2001,7,7,54,
65,Mackenzie District,2002,4,4,24,
65,Mackenzie District,2003,8,8,51,
65,Mackenzie District,2004,9,9,66,
65,Mackenzie District,2005,7,7,51,
65,Mackenzie District,2006,8,8,60,
65,Mackenzie District,2007,7,7,54,
65,Mackenzie District,2008,11,11,102,
65,Mackenzie District,2009,12,12,126,126.0
65,Mackenzie District,2010,12,12,93,93.0
65,Mackenzie District,2011,11,11,114,
65,Mackenzie District,2012,12,12,117,117.0
65,Mackenzie District,2013,12,12,114,114.0
65,Mackenzie District,2014,9,9,87,
65,Mackenzie District,2015,11,11,105,
65,Mackenzie District,2016,12,12,111,111.0
65,Mackenzie District,2017,10,10,75,
65,Mackenzie District,2018,12,12,99,99.0
65,Mackenzie District,2019,11,11,96,
65,Mackenzie District,2020,12,12,150,150.0
65,Mackenzie District,2021,11,11,132,
65,Mackenzie District,2022,12,12,126,126.0
65,Mackenzie District,2023,12,12,123,123.0
65,Mackenzie District,2024,12,12,141,141.0
65,Mackenzie District,2025,12,12,162,162.0
65,Mackenzie District,2026,7,7,87,
66,Waimate District,1993,5,5,30,
66,Waimate District,1994,3,3,21,
66,Waimate District,1995,7,7,42,
66,Waimate District,1996,10,10,78,
66,Waimate District,1997,10,10,78,
66,Waimate District,1998,8,8,66,
66,Waimate District,1999,9,9,57,
66,Waimate District,2000,6,6,36,
66,Waimate District,2001,4,4,24,
66,Waimate District,2002,6,6,42,
66,Waimate District,2003,9,9,81,
66,Waimate District,2004,11,11,90,
66,Waimate District,2005,11,11,72,
66,Waimate District,2006,9,9,66,
66,Waimate District,2007,7,7,48,
66,Waimate District,2008,12,12,126,126.0
66,Waimate District,2009,12,12,150,150.0
66,Waimate District,2010,12,12,153,153.0
66,Waimate District,2011,12,12,183,183.0
66,Waimate District,2012,12,12,141,141.0
66,Waimate District,2013,12,12,165,165.0
66,Waimate District,2014,12,12,153,153.0
66,Waimate District,2015,12,12,150,150.0
66,Waimate District,2016,12,12,192,192.0
66,Waimate District,2017,12,12,150,150.0
66,Waimate District,2018,12,12,126,126.0
66,Waimate District,2019,12,12,126,126.0
66,Waimate District,2020,11,11,99,
66,Waimate District,2021,11,11,102,
66,Waimate District,2022,11,11,93,
66,Waimate District,2023,11,11,90,
66,Waimate District,2024,12,12,93,93.0
66,Waimate District,2025,11,11,129,
66,Waimate District,2026,5,5,48,
68,Waitaki District,1993,11,11,123,
68,Waitaki District,1994,12,12,171,171.0
68,Waitaki District,1995,12,12,213,213.0
68,Waitaki District,1996,12,12,249,249.0
68,Waitaki District,1997,12,12,291,291.0
68,Waitaki District,1998,12,12,234,234.0
68,Waitaki District,1999,12,12,237,237.0
68,Waitaki District,2000,12,12,228,228.0
68,Waitaki District,2001,12,12,252,252.0
68,Waitaki District,2002,12,12,318,318.0
68,Waitaki District,2003,12,12,435,435.0
68,Waitaki District,2004,12,12,501,501.0
68,Waitaki District,2005,12,12,486,486.0
68,Waitaki District,2006,12,12,426,426.0
68,Waitaki District,2007,12,12,477,477.0
68,Waitaki District,2008,12,12,528,528.0
68,Waitaki District,2009,12,12,561,561.0
68,Waitaki District,2010,12,12,531,531.0
68,Waitaki District,2011,12,12,603,603.0
68,Waitaki District,2012,12,12,639,639.0
68,Waitaki District,2013,12,12,630,630.0
68,Waitaki District,2014,12,12,582,582.0
68,Waitaki District,2015,12,12,546,546.0
68,Waitaki District,2016,12,12,498,498.0
68,Waitaki District,2017,12,12,459,459.0
68,Waitaki District,2018,12,12,423,423.0
68,Waitaki District,2019,12,12,414,414.0
68,Waitaki District,2020,12,12,378,378.0
68,Waitaki District,2021,12,12,366,366.0
68,Waitaki District,2022,12,12,303,303.0
68,Waitaki District,2023,12,12,288,288.0
68,Waitaki District,2024,12,12,231,231.0
68,Waitaki District,2025,12,12,366,366.0
68,Waitaki District,2026,7,7,186,
69,Central Otago District,1993,11,11,282,
69,Central Otago District,1994,12,12,330,330.0
69,Central Otago District,1995,12,12,339,339.0
69,Central Otago District,1996,12,12,429,429.0
69,Central Otago District,1997,12,12,396,396.0
69,Central Otago District,1998,12,12,381,381.0
69,Central Otago District,1999,12,12,426,426.0
69,Central Otago District,2000,12,12,429,429.0
69,Central Otago District,2001,12,12,405,405.0
69,Central Otago District,2002,12,12,444,444.0
69,Central Otago District,2003,12,12,483,483.0
69,Central Otago District,2004,12,12,423,423.0
69,Central Otago District,2005,12,12,453,453.0
69,Central Otago District,2006,12,12,516,516.0
69,Central Otago District,2007,12,12,525,525.0
69,Central Otago District,2008,12,12,561,561.0
69,Central Otago District,2009,12,12,588,588.0
69,Central Otago District,2010,12,12,600,600.0
69,Central Otago District,2011,12,12,609,609.0
69,Central Otago District,2012,12,12,579,579.0
69,Central Otago District,2013,12,12,531,531.0
69,Central Otago District,2014,12,12,453,453.0
69,Central Otago District,2015,12,12,489,489.0
69,Central Otago District,2016,12,12,552,552.0
69,Central Otago District,2017,12,12,576,576.0
69,Central Otago District,2018,12,12,558,558.0
69,Central Otago District,2019,12,12,552,552.0
69,Central Otago District,2020,12,12,579,579.0
69,Central Otago District,2021,12,12,492,492.0
69,Central Otago District,2022,12,12,408,408.0
69,Central Otago District,2023,12,12,408,408.0
69,Central Otago District,2024,12,12,447,447.0
69,Central Otago District,2025,12,12,597,597.0
69,Central Otago District,2026,7,7,324,
70,Queenstown-Lakes District,1993,11,11,753,
70,Queenstown-Lakes District,1994,12,12,993,993.0
70,Queenstown-Lakes District,1995,12,12,1215,1215.0
70,Queenstown-Lakes District,1996,12,12,1332,1332.0
70,Queenstown-Lakes District,1997,12,12,1353,1353.0
70,Queenstown-Lakes District,1998,12,12,1353,1353.0
70,Queenstown-Lakes District,1999,12,12,1587,1587.0
70,Queenstown-Lakes District,2000,12,12,1389,1389.0
70,Queenstown-Lakes District,2001,12,12,1389,1389.0
70,Queenstown-Lakes District,2002,12,12,1773,1773.0
70,Queenstown-Lakes District,2003,12,12,1878,1878.0
70,Queenstown-Lakes District,2004,12,12,1848,1848.0
70,Queenstown-Lakes District,2005,12,12,2013,2013.0
70,Queenstown-Lakes District,2006,12,12,2142,2142.0
70,Queenstown-Lakes District,2007,12,12,2244,2244.0
70,Queenstown-Lakes District,2008,12,12,2253,2253.0
70,Queenstown-Lakes District,2009,12,12,2490,2490.0
70,Queenstown-Lakes District,2010,12,12,2376,2376.0
70,Queenstown-Lakes District,2011,12,12,2499,2499.0
70,Queenstown-Lakes District,2012,12,12,2556,2556.0
70,Queenstown-Lakes District,2013,12,12,2334,2334.0
70,Queenstown-Lakes District,2014,12,12,2280,2280.0
70,Queenstown-Lakes District,2015,12,12,2358,2358.0
70,Queenstown-Lakes District,2016,12,12,2199,2199.0
70,Queenstown-Lakes District,2017,12,12,2121,2121.0
70,Queenstown-Lakes District,2018,12,12,1986,1986.0
70,Queenstown-Lakes District,2019,12,12,2079,2079.0
70,Queenstown-Lakes District,2020,12,12,2523,2523.0
70,Queenstown-Lakes District,2021,12,12,2346,2346.0
70,Queenstown-Lakes District,2022,12,12,1947,1947.0
70,Queenstown-Lakes District,2023,12,12,1905,1905.0
70,Queenstown-Lakes District,2024,12,12,2145,2145.0
70,Queenstown-Lakes District,2025,12,12,2889,2889.0
70,Queenstown-Lakes District,2026,7,7,1614,
71,Dunedin City,1993,11,11,3270,
71,Dunedin City,1994,12,12,4245,4245.0
71,Dunedin City,1995,12,12,4569,4569.0
71,Dunedin City,1996,12,12,5067,5067.0
71,Dunedin City,1997,12,12,5289,5289.0
71,Dunedin City,1998,12,12,4983,4983.0
71,Dunedin City,1999,12,12,5154,5154.0
71,Dunedin City,2000,12,12,5250,5250.0
71,Dunedin City,2001,12,12,5316,5316.0
71,Dunedin City,2002,12,12,5769,5769.0
71,Dunedin City,2003,12,12,6633,6633.0
71,Dunedin City,2004,12,12,5736,5736.0
71,Dunedin City,2005,12,12,6240,6240.0
71,Dunedin City,2006,12,12,6687,6687.0
71,Dunedin City,2007,12,12,7089,7089.0
71,Dunedin City,2008,12,12,7035,7035.0
71,Dunedin City,2009,12,12,7173,7173.0
71,Dunedin City,2010,12,12,7446,7446.0
71,Dunedin City,2011,12,12,7005,7005.0
71,Dunedin City,2012,12,12,7074,7074.0
71,Dunedin City,2013,12,12,7071,7071.0
71,Dunedin City,2014,12,12,6723,6723.0
71,Dunedin City,2015,12,12,6561,6561.0
71,Dunedin City,2016,12,12,6744,6744.0
71,Dunedin City,2017,12,12,6591,6591.0
71,Dunedin City,2018,12,12,6555,6555.0
71,Dunedin City,2019,12,12,6327,6327.0
71,Dunedin City,2020,12,12,6063,6063.0
71,Dunedin City,2021,12,12,6135,6135.0
71,Dunedin City,2022,12,12,5739,5739.0
71,Dunedin City,2023,12,12,5787,5787.0
71,Dunedin City,2024,12,12,5421,5421.0
71,Dunedin City,2025,12,12,5610,5610.0
71,Dunedin City,2026,7,7,4032,
72,Clutha District,1993,11,11,105,
72,Clutha District,1994,11,11,132,
72,Clutha District,1995,12,12,174,174.0
72,Clutha District,1996,12,12,210,210.0
72,Clutha District,1997,12,12,183,183.0
72,Clutha District,1998,12,12,195,195.0
72,Clutha District,1999,12,12,195,195.0
72,Clutha District,2000,12,12,204,204.0
72,Clutha District,2001,12,12,222,222.0
72,Clutha District,2002,12,12,201,201.0
72,Clutha District,2003,12,12,225,225.0
72,Clutha District,2004,12,12,216,216.0
72,Clutha District,2005,12,12,249,249.0
72,Clutha District,2006,12,12,273,273.0
72,Clutha District,2007,12,12,288,288.0
72,Clutha District,2008,12,12,297,297.0
72,Clutha District,2009,12,12,300,300.0
72,Clutha District,2010,12,12,333,333.0
72,Clutha District,2011,12,12,324,324.0
72,Clutha District,2012,12,12,339,339.0
72,Clutha District,2013,12,12,288,288.0
72,Clutha District,2014,12,12,294,294.0
72,Clutha District,2015,12,12,264,264.0
72,Clutha District,2016,12,12,279,279.0
72,Clutha District,2017,12,12,237,237.0
72,Clutha District,2018,12,12,243,243.0
72,Clutha District,2019,12,12,228,228.0
72,Clutha District,2020,12,12,243,243.0
72,Clutha District,2021,12,12,222,222.0
72,Clutha District,2022,12,12,228,228.0
72,Clutha District,2023,12,12,228,228.0
72,Clutha District,2024,12,12,189,189.0
72,Clutha District,2025,12,12,267,267.0
72,Clutha District,2026,7,7,126,
73,Southland District,1993,10,10,102,
73,Southland District,1994,12,12,135,135.0
73,Southland District,1995,12,12,156,156.0
73,Southland District,1996,12,12,213,213.0
73,Southland District,1997,12,12,264,264.0
73,Southland District,1998,12,12,249,249.0
73,Southland District,1999,12,12,234,234.0
73,Southland District,2000,12,12,213,213.0
73,Southland District,2001,12,12,228,228.0
73,Southland District,2002,12,12,210,210.0
73,Southland District,2003,12,12,261,261.0
73,Southland District,2004,12,12,285,285.0
73,Southland District,2005,12,12,279,279.0
73,Southland District,2006,12,12,336,336.0
73,Southland District,2007,12,12,339,339.0
73,Southland District,2008,12,12,399,399.0
73,Southland District,2009,12,12,369,369.0
73,Southland District,2010,12,12,384,384.0
73,Southland District,2011,12,12,354,354.0
73,Southland District,2012,12,12,348,348.0
73,Southland District,2013,12,12,408,408.0
73,Southland District,2014,12,12,360,360.0
73,Southland District,2015,12,12,342,342.0
73,Southland District,2016,12,12,360,360.0
73,Southland District,2017,12,12,318,318.0
73,Southland District,2018,12,12,282,282.0
73,Southland District,2019,12,12,312,312.0
73,Southland District,2020,12,12,330,330.0
73,Southland District,2021,12,12,297,297.0
73,Southland District,2022,12,12,273,273.0
73,Southland District,2023,12,12,270,270.0
73,Southland District,2024,12,12,216,216.0
73,Southland District,2025,12,12,330,330.0
73,Southland District,2026,7,7,192,
74,Gore District,1993,11,11,171,
74,Gore District,1994,12,12,180,180.0
74,Gore District,1995,12,12,198,198.0
74,Gore District,1996,12,12,222,222.0
74,Gore District,1997,12,12,228,228.0
74,Gore District,1998,12,12,261,261.0
74,Gore District,1999,12,12,261,261.0
74,Gore District,2000,12,12,261,261.0
74,Gore District,2001,12,12,261,261.0
74,Gore District,2002,12,12,258,258.0
74,Gore District,2003,12,12,336,336.0
74,Gore District,2004,12,12,363,363.0
74,Gore District,2005,12,12,363,363.0
74,Gore District,2006,12,12,384,384.0
74,Gore District,2007,12,12,414,414.0
74,Gore District,2008,12,12,432,432.0
74,Gore District,2009,12,12,450,450.0
74,Gore District,2010,12,12,432,432.0
74,Gore District,2011,12,12,396,396.0
74,Gore District,2012,12,12,366,366.0
74,Gore District,2013,12,12,375,375.0
74,Gore District,2014,12,12,354,354.0
74,Gore District,2015,12,12,366,366.0
74,Gore District,2016,12,12,360,360.0
74,Gore District,2017,12,12,372,372.0
74,Gore District,2018,12,12,306,306.0
74,Gore District,2019,12,12,267,267.0
74,Gore District,2020,12,12,267,267.0
74,Gore District,2021,12,12,249,249.0
74,Gore District,2022,12,12,273,273.0
74,Gore District,2023,12,12,219,219.0
74,Gore District,2024,12,12,219,219.0
74,Gore District,2025,12,12,336,336.0
74,Gore District,2026,7,7,174,
75,Invercargill City,1993,11,11,1020,
75,Invercargill City,1994,12,12,1245,1245.0
75,Invercargill City,1995,12,12,1416,1416.0
75,Invercargill City,1996,12,12,1593,1593.0
75,Invercargill City,1997,12,12,1647,1647.0
75,Invercargill City,1998,12,12,1506,1506.0
75,Invercargill City,1999,12,12,1476,1476.0
75,Invercargill City,2000,12,12,1566,1566.0
75,Invercargill City,2001,12,12,1725,1725.0
75,Invercargill City,2002,12,12,1971,1971.0
75,Invercargill City,2003,12,12,2142,2142.0
75,Invercargill City,2004,12,12,2412,2412.0
75,Invercargill City,2005,12,12,2397,2397.0
75,Invercargill City,2006,12,12,2406,2406.0
75,Invercargill City,2007,12,12,2541,2541.0
75,Invercargill City,2008,12,12,2481,2481.0
75,Invercargill City,2009,12,12,2550,2550.0
75,Invercargill City,2010,12,12,2616,2616.0
75,Invercargill City,2011,12,12,2562,2562.0
75,Invercargill City,2012,12,12,2370,2370.0
75,Invercargill City,2013,12,12,2121,2121.0
75,Invercargill City,2014,12,12,2070,2070.0
75,Invercargill City,2015,12,12,1956,1956.0
75,Invercargill City,2016,12,12,1998,1998.0
75,Invercargill City,2017,12,12,1908,1908.0
75,Invercargill City,2018,12,12,1758,1758.0
75,Invercargill City,2019,12,12,1746,1746.0
75,Invercargill City,2020,12,12,1644,1644.0
75,Invercargill City,2021,12,12,1794,1794.0
75,Invercargill City,2022,12,12,1620,1620.0
75,Invercargill City,2023,12,12,1497,1497.0
75,Invercargill City,2024,12,12,1473,1473.0
75,Invercargill City,2025,12,12,1629,1629.0
75,Invercargill City,2026,7,7,915,
76,Auckland,1993,11,11,25677,
76,Auckland,1994,12,12,31299,31299.0
76,Auckland,1995,12,12,33201,33201.0
76,Auckland,1996,12,12,39228,39228.0
76,Auckland,1997,12,12,44445,44445.0
76,Auckland,1998,12,12,49260,49260.0
76,Auckland,1999,12,12,51351,51351.0
76,Auckland,2000,12,12,52278,52278.0
76,Auckland,2001,12,12,54474,54474.0
76,Auckland,2002,12,12,52941,52941.0
76,Auckland,2003,12,12,55371,55371.0
76,Auckland,2004,12,12,57345,57345.0
76,Auckland,2005,12,12,59253,59253.0
76,Auckland,2006,12,12,59316,59316.0
76,Auckland,2007,12,12,59106,59106.0
76,Auckland,2008,12,12,59730,59730.0
76,Auckland,2009,12,12,60621,60621.0
76,Auckland,2010,12,12,57360,57360.0
76,Auckland,2011,12,12,55206,55206.0
76,Auckland,2012,12,12,56217,56217.0
76,Auckland,2013,12,12,57852,57852.0
76,Auckland,2014,12,12,56550,56550.0
76,Auckland,2015,12,12,59319,59319.0
76,Auckland,2016,12,12,61383,61383.0
76,Auckland,2017,12,12,58743,58743.0
76,Auckland,2018,12,12,57591,57591.0
76,Auckland,2019,12,12,56526,56526.0
76,Auckland,2020,12,12,52797,52797.0
76,Auckland,2021,12,12,52602,52602.0
76,Auckland,2022,12,12,55881,55881.0
76,Auckland,2023,12,12,53115,53115.0
76,Auckland,2024,12,12,53025,53025.0
76,Auckland,2025,12,12,65613,65613.0
76,Auckland,2026,7,7,36873,
