month,location_id,location,lodged_bonds,active_bonds,closed_bonds,median_rent,geometric_mean_rent,prior_year_median,prior_year_bonds,rent_yoy_pct,bonds_yoy_pct
2026-07-01,1,Far North District,90,3168,102,545,499,500,114,9.0,-21.05
2026-07-01,2,Whangarei District,195,6990,165,590,539,580,195,1.72,0.0
2026-07-01,3,Kaipara District,45,1245,27,530,493,560,36,-5.36,25.0
2026-07-01,11,Thames-Coromandel District,42,1422,36,580,542,520,48,11.54,-12.5
2026-07-01,12,Hauraki District,39,1068,24,595,561,550,30,8.18,30.0
2026-07-01,13,Waikato District,114,3936,81,600,594,600,138,0.0,-17.39
2026-07-01,15,Matamata-Piako District,66,1935,57,590,579,560,60,5.36,10.0
2026-07-01,16,Hamilton City,684,22746,639,560,500,555,759,0.9,-9.88
2026-07-01,17,Waipa District,111,3408,84,630,631,615,114,2.44,-2.63
2026-07-01,18,Otorohanga District,12,444,12,440,443,500,15,-12.0,-20.0
2026-07-01,19,South Waikato District,75,2064,48,508,503,500,81,1.6,-7.41
2026-07-01,20,Waitomo District,18,480,6,470,484,340,9,38.24,100.0
2026-07-01,21,Taupo District,102,2928,81,615,597,600,84,2.5,21.43
2026-07-01,22,Western Bay of Plenty District,69,2523,66,650,657,613,81,6.04,-14.81
2026-07-01,23,Tauranga City,360,12336,294,690,666,685,408,0.73,-11.76
2026-07-01,24,Rotorua District,192,6501,156,593,567,580,192,2.24,0.0
2026-07-01,25,Whakatane District,57,1971,33,560,532,573,57,-2.27,0.0
2026-07-01,26,Kawerau District,12,594,3,520,526,483,9,7.66,33.33
2026-07-01,27,Opotiki District,18,498,9,550,496,515,12,6.8,50.0
2026-07-01,28,Gisborne District,87,3129,60,618,562,600,102,3.0,-14.71
2026-07-01,29,Wairoa District,9,468,6,460,435,430,9,6.98,0.0
2026-07-01,30,Hastings District,141,4923,129,600,609,600,135,0.0,4.44
2026-07-01,31,Napier City,126,4575,105,645,593,625,156,3.2,-19.23
2026-07-01,32,Central Hawke's Bay District,15,618,9,500,485,563,27,-11.19,-44.44
2026-07-01,33,New Plymouth District,186,5949,147,565,545,575,174,-1.74,6.9
2026-07-01,34,Stratford District,21,522,15,555,531,530,24,4.72,-12.5
2026-07-01,35,South Taranaki District,39,1566,57,530,494,550,48,-3.64,-18.75
2026-07-01,36,Ruapehu District,27,1005,30,430,377,430,48,0.0,-43.75
2026-07-01,37,Whanganui District,108,3729,87,520,501,480,120,8.33,-10.0
2026-07-01,38,Rangitikei District,27,825,12,500,491,440,21,13.64,28.57
2026-07-01,39,Manawatu District,54,1578,33,580,540,570,57,1.75,-5.26
2026-07-01,40,Palmerston North City,303,8925,255,520,478,550,300,-5.45,1.0
2026-07-01,41,Tararua District,27,870,18,430,396,473,27,-9.09,0.0
2026-07-01,42,Horowhenua District,111,2877,75,530,501,500,117,6.0,-5.13
2026-07-01,43,Kapiti Coast District,114,3432,81,600,591,595,117,0.84,-2.56
2026-07-01,44,Porirua City,72,3873,72,620,530,640,81,-3.13,-11.11
2026-07-01,45,Upper Hutt City,84,3267,81,620,589,605,93,2.48,-9.68
2026-07-01,46,Lower Hutt City,252,9348,192,575,544,600,282,-4.17,-10.64
2026-07-01,47,Wellington City,807,28818,651,560,530,575,843,-2.61,-4.27
2026-07-01,48,Masterton District,51,2058,54,530,501,520,39,1.92,30.77
2026-07-01,49,Carterton District,21,471,12,510,511,500,21,2.0,0.0
2026-07-01,50,South Wairarapa District,18,552,9,550,549,535,27,2.8,-33.33
2026-07-01,51,Tasman District,93,2580,60,600,566,580,84,3.45,10.71
2026-07-01,52,Nelson City,126,4323,102,550,498,523,165,5.16,-23.64
2026-07-01,53,Marlborough District,93,2598,60,585,534,535,99,9.35,-6.06
2026-07-01,54,Kaikoura District,6,219,3,500,432,525,6,-4.76,0.0
2026-07-01,55,Buller District,15,564,12,400,396,450,18,-11.11,-16.67
2026-07-01,56,Grey District,15,612,18,488,469,440,15,10.91,0.0
2026-07-01,57,Westland District,9,342,9,388,388,346,12,12.14,-25.0
2026-07-01,58,Hurunui District,9,489,9,540,503,500,18,8.0,-50.0
2026-07-01,59,Waimakariri District,81,2445,45,615,601,600,81,2.5,0.0
2026-07-01,60,Christchurch City,1218,45072,1023,550,504,530,1302,3.77,-6.45
2026-07-01,62,Selwyn District,132,3378,84,625,611,630,156,-0.79,-15.38
2026-07-01,63,Ashburton District,45,1908,42,498,463,480,66,3.75,-31.82
2026-07-01,64,Timaru District,69,2697,66,500,508,450,81,11.11,-14.81
2026-07-01,65,Mackenzie District,21,303,6,400,383,450,12,-11.11,75.0
2026-07-01,66,Waimate District,9,327,12,370,354,480,12,-22.92,-25.0
2026-07-01,68,Waitaki District,30,804,15,475,465,475,30,0.0,0.0
2026-07-01,69,Central Otago District,42,1362,48,670,610,585,45,14.53,-6.67
2026-07-01,70,Queenstown-Lakes District,201,5334,147,800,758,790,231,1.27,-12.99
2026-07-01,71,Dunedin City,300,13980,258,520,460,517,294,0.58,2.04
2026-07-01,72,Clutha District,18,726,12,460,423,440,27,4.55,-33.33
2026-07-01,73,Southland District,33,906,27,490,460,423,24,15.84,37.5
2026-07-01,74,Gore District,36,930,24,500,470,500,27,0.0,33.33
2026-07-01,75,Invercargill City,141,4782,117,510,456,480,135,6.25,4.44
2026-07-01,76,Auckland,5592,170511,4254,640,620,650,5682,-1.54,-1.58
